composition,output
Cd0.3 Hg0.7 Te1,1
Cu1 Br1,1
Lu1 P1,1
Cu3 Sb1 Se4,1
Zn1 O1,1
Sb2 Pt1,1
Zn1 In2 S4,1
K2 Cd3 Te4,1
K4 Ce3 Sn3 S14,1
Cr1 B2 Pb6 O12,1
In1 Sb1,1
Sr2 Be2 B2 O7,1
K2 Nb1 Cu1 S4,1
Pr1 Te2,1
B1 As1,1
Ba4 Ga4 Ge1 Se12,1
Hg1 Se1,1
In5 Ag1 Te8,1
Rb7 Th2 P6 Se21,1
Tl1 S1,1
Cd1 S1,1
Al2 Se3,1
In2 Ge1 Te3,1
Bi1 Se1 Br1,1
Ga1 As0.4 P0.6,1
K2 P1 Au1 S4,1
Cs1 H3 Se2 O6,1
Cs1 Ge1 B3 O7,1
Sn0.03 Te1 Pb0.97,1
As2 Pt1,1
Ga4 Sn1 S7,1
Si3 N4,1
Gd1.05 Sc0.95 Se3,1
Cs2 Zn1 Ge3 Se8,1
Ce1 O2,1
K1 Ag1 As1 S2,1
Mn11 Si19,1
Sr1 Te1,1
Sn0.03 Pb0.97 Se1,1
La1 Cu1 S1 O1,1
Al1 Sb1,1
Tl2 P1 Au1 S4,1
Cs3 Sn3 Cl7 F2,1
Cs1.13 Cd1.13 Bi2.87 Se6,1
Ag1 I1,1
Zn0.9 Hg0.1 Te1,1
Tl1 Bi1 Te3,1
Cu1 Cl1,1
Sn0.08 Pb0.92 Se1,1
Cd1 Se1,1
Cu3 Sb1 S4,1
Ga1 As1,1
Te3 As2,1
Sr1 B6,1
Ga1 N1,1
Cd3 As2,1
W1 O3,1
Yb2 Eu1 Se4,1
Bi2 Te2.4 Se0.6,1
Si0.7 Ge0.3,1
Cu1 N3,1
Cd1 P4,1
Mn1 I2,1
Tm1 As1,1
Zn0.7 Ga0.3 As0.3 Se0.7,1
Gd1 Cd4 B3 O10,1
Cd3 P2,1
Sm1 As1,1
Rb1 Sb1 S2,1
Na5 Gd1 Mo4 O16,1
Sr2 V2 Se3 O15,1
U1 P2 S7,1
Ta1 N1 O1,1
Rb1 Br1,1
Pd1 Se2,1
Ba3 Eu1 P3 O12,1
Sb1 Se1 I1,1
K1 Bi1 Se2,1
Bi0.4 Sb1.6 Te3,1
Na2 Te1 Se3,1
Tl2 Te3,1
Gd3 Al0.74 Si0.7 S7,1
Cs1 Tb1 Zn1 Te3,1
Ba1 B6,1
La5 In3 S9 O3,1
Pb1 N6,1
Ca1 O1,1
Na2 S1,1
Rb2 Cd3 Te4,1
Sn1 Se1,1
Rb2 Ba1 Nb2 Se11,1
Zr1 Ta1 N3,1
Ba3 In2 P4 O16,1
In0.2 Ga0.8 As0.8 P0.2,1
Rb1 Ta3 Te2 O12,1
Ga1 Te1,1
Ag2 Sn1 S3,1
Ba2 Er1 Ga1 Te5,1
Na3 Mo1 Cl1 O4,1
K2 Sn2 Hg3 S8,1
Cd1 Sb1,1
Ge1 Se1,1
Hf1 S3,1
Ga0.9 Hg0.1 Sb0.9 Te0.1,1
In1 Sb2 S4 Cl1,1
Ga1 S1,1
Pt1 S1,1
Ag1 S1,1
Cs2 P2 Se8,1
Y4 Ga1 Sb1 S9,1
Zn0.55 Ga0.45 P0.45 S0.55,1
Zn0.95 Ga0.05 P0.05 S0.95,1
Mg2 Sn1,1
Ga1.002 Sb0.998 Te0.006,1
Cs1 F1,1
K1 Sb1 Se2,1
Ag3 As1 Se3,1
As2 Se3,1
Li1 Ga1 Se2,1
Nb1 Se2,1
Cs1 Rb2 Sb1,1
Os1 S2,1
Ge1 S1,1
As2 Ru1,1
In1 Sb0.99 As0.01,1
Ga1.1 Sb0.9 Se0.3,1
Sm2 S3,1
Si1 P1,1
Yb1 B66,1
Sn0.1 Pb0.9 Se1,1
Ti1 Tl1 P1 S5,1
Cs1 Yb1 Mn1 Se3,1
K10 Fe4 Sn4 S17,1
Ge0.05 Te0.95 Pb0.95 S0.05,1
Ba1 Se1,1
K4 In4 P6 Se20,1
Sn0.06 Te1 Pb0.94,1
Bi2 Te0.45 Se2.55,1
K1 Nb3 Te2 O12,1
Cd4 P2 I3,1
Cr2 S3,1
In1 Se1,1
Sr0.5 Ta1 O3,1
Tb4 Ga1 Sb1 S9,1
Na3 Sb1,1
B12 P2,1
Dy2 Te3,1
Ti1 Tl1 S2,1
Bi2 S3,1
Ba2 Y1 Ga1 Te5,1
Sn0.01 Pb0.99 Se1,1
Tl2 In1 Ga1 Se4,1
Na1 La1 S3,1
Cs1 Ge5 B1 O12,1
Tl2.35 Sb8.65 Se14,1
Sn1 Se0.2 S0.8,1
Hg3 P1 S4,1
Zn2 In2 S5,1
Cs2 Zn1 Ge3 Te8,1
Eu1 Sb4 S7,1
Pb1 Se1,1
Na0.75 Eu1.625 Ge1 Se4,1
Pb1 I2,1
Zn1 Hg3 Se2 Cl4,1
Eu1 Bi1 W2 O9,1
Cs1 Sb1,1
Hg2 I2,1
Rb3 Cd1 B5 O10,1
Cd0.5 Hg0.5 Se1,1
Tl1 In1 Se2,1
Ta1 Ga1 Se2,1
Ir0.67 Se2,1
Bi2 Se3,1
La2 Ge2 Se7,1
Ge1 Bi12 O20,1
Ca1 Sn1 O3,1
Ba2 Sb7 H1 O14,1
Sr3 Eu1 P3 O12,1
Zn0.15 Cd0.85 Se1,1
Cs1 Lu1 Co1 S3,1
Bi1 S1 Br1,1
Co1 P2,1
Na1 Br1,1
Mn0.05 Te1 Pb0.95,1
Tl1 Br1,1
Ba6 Ga2 Sn1 Se11,1
La4 Cd4 In2 S13,1
Cs1 Ag2 As1 S3,1
Mn1 O2,1
Sb1 S1 I1,1
Cu1 Sb1 Se2,1
Ce2 Sn3 Se9,1
Ru1 Se2,1
Na2 Hg3 Ge2 S8,1
Zr1 Hg4 P2 Cl6,1
Cs3 Bi1,1
Rb1 Cd4 Ga5 S12,1
Ga1 Sb1,1
Cs4 Cu3 Bi9 S17,1
Te1 Se1,1
La1.86 Tb1.14 Ga1.67 S7,1
Zn1 Se1,1
Sr1 Pb1 O3,1
Na7 Co2 O6,1
Al0.01 In0.99 P1,1
Pb1 Se0.99 S0.01,1
Bi2 Te2 Se1,1
Nb1 Cu3 Se4,1
Ba4 Li1 Ga5 Se12,1
Ga1 Se1,1
Ag3 Sb1 S3,1
Al0.6 Ga0.4 P1,1
Tl2 Se1,1
Rb1 In1 Te3 O8,1
K2 Rb1 Sb1,1
Ga2 Te3,1
Cd1 In2 Te4,1
Pb1 O2,1
Fe1 Ag1 Te2,1
Tl1 Cl1,1
Li2 Te1 W1 O6,1
Nd2 Se3,1
K3 B6 Cl1 O10,1
Zr1 Se3,1
Rb5 B1 S4 O16,1
K1 Th1 Cu1 S3,1
In1 Sb0.3 As0.7,1
Cu3 As1 S4,1
Pr2 Te3,1
Eu3 Sb4 S9,1
Ba2 V2 Te2 O11,1
Na2 In2 Ge1 S6,1
In2 Hg1 Se4,1
V3 Cd4 Te3 O15,1
Al1 Ag1 S2,1
Rb2 Cu2 Sn1 S4,1
Ta1 Tl1 S3,1
Ga1 Cu1 Te2,1
Ga1.65 Cu0.35 S2.65,1
Cd1 Bi1 Cl1 O2,1
Ga2 S3,1
Si30 Te8 P16,1
Ga1.01 Sb0.99 Se0.03,1
Eu1 Ho2 Se4,1
Zn0.5 Hg0.5 Se1,1
Mg3 Sb2,1
Ta1 Ga1 S2,1
Sn0.99 Te1 Pb0.01,1
Sn0.2 Pb0.8 Se1,1
Sm1 Te1,1
Ce2 Ge1 Se5,1
Rb1 Bi1 Se2,1
Ga1 Sb0.95 As0.05,1
Cr1 Sb2,1
La2 Ge1 Se5,1
Sc1 Tl1 Te2,1
Sr2 Ti1 O4,1
Nb2 O5,1
In6 S7,1
Hf1 Hg4 P2 Cl6,1
Dy1 N1,1
Cs1 In1 Te3 O8,1
Ta11 Cu5 O30,1
Li1 B3 O5,1
La1 F3,1
Al1 N1,1
K2 Sb8 Se3,1
Ca1 S1,1
Cd1 Si1 As2,1
P2 Ir1,1
Ba3 Bi2 Te1 O9,1
Na1 N1 O2,1
Cs3 As1,1
In1 Cu1 S2,1
Sn1 S2,1
Sb1 I3,1
Rb1 I1,1
Pb1 Se0.5 S0.5,1
Mn2 P2 Se6,1
Na2 Cd1 Ge2 Se6,1
K1 Ag2 P1 S4,1
Ga1.5 Cu0.5 S2.5,1
P2 Se5,1
Ba1 Na2 Sn1 S4,1
Ga5 Ge1 Pb4 S12,1
Cs1 Ag5 Te3,1
Tl1 Te1 P1,1
Ge0.06 Te0.06 Pb0.94 Se0.94,1
Bi1 I3,1
Ba1 Zn1 Ge1 Se4,1
Si1 P2,1
Bi4 Pb7 Se13,1
Sr2 La2.58 Bi5.42 S14,1
Yb1 Sn1 Te2,1
Ba1 Pr1 O3,1
As2 S3,1
Dy2 O3,1
Ga1 Ag1 Ge5 Se12,1
La1 Be1 B3 O7,1
Ba2 Sm1 Ga1 Te5,1
Zn0.7 Ga0.3 P0.3 S0.7,1
Na2 Eu1 Ge1 Se4,1
Rb5 Li6 B11 O22,1
K9 Bi13 S24,1
Mn1 O1,1
K1 Ba1 B5 O9,1
Fe1 I2,1
La3 Lu1 Se6,1
Pr1 F3,1
Nd1 In3 S6,1
Na1 Sb1 Se2,1
Nd1 Mo1 O4 F1,1
Ge3 Ru2,1
Zn1 As1,1
Y1 V1 Bi2 O8,1
Li1 Ta1 O3,1
Cs1 Yb1 Co1 Se3,1
Ho2 Hf1 S5,1
Fe1 Si2,1
Rb1 In1 Sn1 S4,1
Ba2 Nd1 Ga1 S5,1
Zn0.01 Ga0.99 P0.99 Se0.01,1
Li1 Eu1 H3,1
In1 Ag1 Se2,1
Ga5 Ge1 Pb4 Se12,1
Ba2 Ta1 In1 O6,1
Ca6 Bi6 O15,1
Rb1 Cd4 Ga5 Se12,1
Ge0.01 Te0.99 Pb0.99 S0.01,1
Cd1 Te1,1
Li1 Nb1 O3,1
Li1 In1 Te2,1
Zr6 O1,1
K6 Ta1.03 Nb2.97 S25,1
Mg1 Cu2 Si1 S4,1
In1 As1,1
U1 P2 S9,1
Li1 In1 S2,1
Sn3 As2,1
In1 P1,1
Na1 As1 Se2,1
Zn0.6 Ga0.4 As0.4 Se0.6,1
Ga1 Sb0.35 As0.65,1
Na1 Sb1 Te2,1
Pb17 Cl18 O8,1
K1 P1 H2 O4,1
Hg3 P1 S3,1
Zn1 S1,1
Zn1 Cu2 Ge1 Se4,1
Tb2 Ge1 S5,1
C1 I4,1
Zr1 S3,1
K1 I1,1
Ce2 Te3,1
Cs2 La1.19 Bi8.81 S16,1
Cs2 Ta2 P2 Se12,1
Ta1 Tl3 S4,1
Rb2 Zn3 Se4 O12,1
In3 Cu1 Se5,1
Tl2 In1 Ga1 Te4,1
Ga0.95 Hg0.05 Sb0.95 Te0.05,1
Sr1 Zr1 S3,1
Cd4 P2 Br3,1
Ca3 Ti2 Si3 O12,1
Bi2 Mo2 Se2 O13,1
Zn1 Cu2 Si1 S4,1
Cu1 Bi1 S1 O1,1
Cd1 Ge1 As2,1
Al0.4 Ga0.6 P1,1
Cs1 Y1 Te3 O8,1
Ba23 Ga8 Sb2 S38,1
Cd1 F2,1
Yb1 Nd2 Cu1 S5,1
Ba2 Hg1 S5,1
Ag1 Te1,1
Ag3 As1 S3,1
Nb1 Cu1 O3,1
In5 Se6,1
Cd1 H1 I1 O4,1
Ga2 Cu1 S3.5,1
Ba3 Th1 Se7,1
Y1 Zn1 Bi1 O4,1
U1 Hg3 Te2 Cl6,1
Ga4 Pb1 S7,1
Mo1 O3,1
Er1 Se2,1
Tl1 Cu1 Se2,1
K1 As1 Se2,1
Sm1 Cu1 S1 O1,1
Cs1 Y1 Zn1 Se3,1
In1 Sb0.7 As0.3,1
Bi0.2 Sb1.8 Te3,1
K2 Fe1 Ge3 Se8,1
Zn0.01 Cd0.99 Se1,1
Bi2 Te0.6 Se2.4,1
Al1 P1,1
Bi2 Te0.03 Se2.97,1
Rb1 Cu4 As1 S4,1
Zn1 Ge1 P2,1
Y1 Sb1 Pd1,1
Sn0.06 Pb0.94 Se1,1
Sb2 Te3,1
Cd1 Ge1 P2,1
Cd0.99 Hg0.01 Se1,1
Mn1 Sb2 O4,1
Ga1.8 Cu0.2 S2.8,1
Cs2 Ba3 P4 O14,1
Rb1 Li1 C1 O3,1
P4 Os1,1
Sb2 Se3,1
Rb4 Ge3 B6 O17,1
Eu2 Se3,1
Cs1 Br1,1
Cs3 Bi2 I9,1
Ga0.005 Te1 Pb0.995,1
In0.9 Ga0.1 As0.1 P0.9,1
Ca2 Sn1 S4,1
Eu1 O1,1
Zr1 O2,1
Cs1 In1 Sn2 Se6,1
Rb1 Ge1 B3 O7,1
Al0.99 Cd0.01 Sb0.99 Te0.01,1
Cs1 Gd1 Zn1 Te3,1
Li1 Ga1 O2,1
Ag2 Ge1 Te3,1
K1 Ti1 P1 O5,1
As1 I3,1
As4 S4,1
Sb1 Te1 Rh1,1
Tl1 Cr5 Se6 S2,1
K2 In3 Ag1 Se6,1
Ba1 F2,1
Zn1 Sn1 P2,1
Zn0.85 Ga0.15 As0.15 Se0.85,1
Cs1 Ga1 Sn1 Se4,1
Ca10 Ge16 B6 O51,1
Cd1 In1,1
Ba2 Gd1 In1 Te5,1
Rb3 Ta2 As1 S11,1
In2 Hg1 Te4,1
Rb1 Sc1 Se2 O6,1
Ba1 In2 Se4,1
Ag2 O1,1
Sr1 S1,1
As1 S1 I1,1
Ca1 Ta1 N1 O2,1
Sn0.001 Te1 Pb0.999,1
Na1 Sb1,1
Ag1 As1 S2,1
K3 Bi2 I9,1
Er1 Te1,1
Li1 Cd1 B1 O3,1
Na2 Zn1 Sn2 S6,1
Ca2 Sn1,1
Ge1 S2,1
Zn1 Cu2 Si1 Se4,1
Sm2 Te3,1
K3 Ta2 As1 Se11,1
K4 Nb2 S11,1
Sn1 Ge1,1
Zn0.43 Cd0.57 Se1,1
La1 H2 N1 O5,1
Tl1 S2,1
Sr3 Bi1 P3 O12,1
Zr1 Se2,1
Ba1 In2 P4 O14,1
La2 V1 Ni1 O6,1
Ti1 O2,1
Zn5.5 Ga1 Sn0.5 O8,1
K2 Ge2 Pb1 S6,1
Rb4 Ge1 P4 Se12,1
Cs1 Ta3 Se2 O12,1
Zn0.99 Hg0.01 Te1,1
Si0.98 Ge0.02,1
Cd4 As2 Br3,1
Bi1 Pb1 Cl1 O2,1
In1 Cu1 Se2,1
Eu1 Bi2 Te4,1
La4 In1 Sb1 S9,1
Yb1 In3 S6,1
Ag8 Ge1 S6,1
Cs4 Ge1 P4 Se12,1
Ag1 N3,1
Sm1.82 Lu2.18 Se6,1
Si2 Te3,1
La1 Mg2 Pd1 H7,1
Si1 As1,1
Cs1 Er1 Zn1 Se3,1
Nb2 Pb2 Se4 O15,1
Rb1 Ag5 P2 S8,1
Ba2 Y1 In1 Te5,1
Li1 Zn1 N1,1
Al0.3 In0.7 P1,1
K1 Ta3 Te2 O12,1
Tl1 Se1,1
Zn3 Sb2,1
Lu1 In3 S6,1
Hg8 Bi3 As4 Cl13,1
Na2 Sn2 Hg3 S8,1
Tl1 Ag1 Te2,1
V3 Bi1 Pb3 O12,1
K2 Nd2 Ti3 O10,1
Sn0.01 Te1 Pb0.99,1
Zn3 As2,1
Na2 Hg3 Se1.49 S2.51,1
Ba1 Ge4 Ir2 S6,1
Ba3 Ge1 S5,1
Eu1 Se1,1
Tl4 In3 Ga1 S8,1
Li2 B4 O7,1
K3 Cd1 B5 O10,1
K1 Sb1 S2,1
Cd0.8 Hg0.2 Se1,1
Sn0.15 Pb0.85 Se1,1
Bi2 Te2 S1 O10,1
Zn0.94 Hg0.06 Te1,1
K1 Sm2 Cu1 S4,1
Mg1 O1,1
Sn1 Se0.75 S0.25,1
Rb9 Bi13 S24,1
La20 Mo12 Cl4 O63,1
Bi3 B1 Te1 O9,1
Li2 Hg1 Ge1 S4,1
In2 Se3,1
Fe1 As1 S1,1
Bi2 C1 O5,1
Si0.226 Ge0.774,1
Cd1 Cu2 Ge1 S4,1
Ba2 V4 Te3 O18,1
Cu1 P2,1
K2 Au1 I5 O15,1
Cu1 I1,1
Nb1 Sn1 Ir1,1
Sn0.15 Te1 Pb0.85,1
Cd1 In30 Te46,1
Co1 P1 S1,1
Cs1 La1 Hg1 Se3,1
La6 Sb4 S3 O12,1
Zn0.86 Hg0.14 Te1,1
Tl1 P1 S2,1
Bi3 Se2 N1 O11,1
Sn0.35 Te0.35 Pb0.65 Se0.65,1
Ga1 Sb0.8 As0.2,1
Ni2 Te3 O8,1
Li1 Sb1 Te2,1
Sr4 V2 Se6 O21,1
Li1 Bi1 S2,1
Hg7.5 As4 Cl6,1
Rb1 Cd1 B3 O6,1
Rb3 Ag9 P4 S16,1
K1 Zn4 B3 O9,1
Sr8 Ga16 Ge30,1
In2 B1 P3 O12,1
Cs2 Pd1 Se8,1
Sb8 I2 O11,1
Zn0.99 Ga0.01 Sb0.01 Te0.99,1
Sc1 Sb1 Pd1,1
Rb1 Cd4 Ga5 Te12,1
Ga1 Cu1 S2,1
Ba3 Nb2 Se9,1
Mn0.1 Te1 Pb0.9,1
Rb2 Ge1 B4 O9,1
In1 Sb0.1 As0.9,1
Cd1 Sn1 As2,1
Tl2 Te3 As2 Se1,1
Li1 Sm3 Si1 S7,1
Bi0.2 Te0.3 Pb0.9 Se0.9,1
Pt0.97 S2,1
Th1 Te1 O1,1
Cs1 In1 Sn1 S4,1
Ga2 Pb1 S4,1
Te1 Pb1,1
Ge0.01 Te0.01 Pb0.99 Se0.99,1
Cs2 Zn1 Ge3 S8,1
Zn2 Mo1 Se1 O7,1
Ga2 Se3,1
Tb4 Al2 O9,1
Li2 Hg1 Ge1,1
Cs1 Au1,1
Al0.5 In0.5 P1,1
Ba2 Sm1 Ta1 O6,1
Ce1 Bi1 W2 O9,1
Bi9 S6 O7.5,1
Sb1 Te1 I1,1
Rb2 Cd3 B16 O28,1
K2 Ta15 O32,1
Li2 Zn1 Sn1 S4,1
Yb2 Eu1 S4,1
Rb2 Nb1 Cu1 Se4,1
Zn1 Te1,1
Cs1 B3 O5,1
Sr1 Ti1 O3,1
Ge0.1 Te1 Pb0.9,1
Cu2 Se1,1
Eu1 Bi2 Se4,1
Rb3 Nb2 As1 Se11,1
K1 Ti2 F7,1
Tl1 Sb1 S2,1
Lu1 Cd4 B3 O10,1
V1 O2,1
Ga1.2 Cu0.8 Se2.2,1
Cd1 In2 Se4,1
Zn1 Bi38 O58,1
Na2 Si2 Hg3 S8,1
Rh1 Se1 S1,1
Sr1 Pr2 S4,1
Cs1 As1 Se2,1
Ga1 Sb0.14 As0.86,1
Pr1 Mo1 O4 F1,1
Si0.0645 Ge0.9355,1
Cs1 Y1 Cd1 Se3,1
Cd4 As2 I3,1
Al0.6 Ga0.4 As1,1
Sc2 S3,1
Zn0.85 Hg0.15 Se1,1
Hg1 O1,1
Zn0.01 Ga0.99 P0.99 S0.01,1
Sb2 S3,1
Tb2 Mo3 O12,1
Hf1 Se2,1
Ag2 Ge1 Se3,1
Rb3 Bi2 I9,1
In1 Cu1 Te2,1
Al0.45 Cd0.55 Sb0.45 Te0.55,1
Hg2 Cl2,1
Ba6 Ag4 Sn4 S16,1
Nd2 Te3,1
Ba2 Gd1 Ga1 Te5,1
Ta2 Mn3 O8,1
Sb2 Ru1,1
Cs3 Sb1,1
Li2 Ga1 Ge2 Se6,1
Gd2 Se3,1
Rb2 Cu2 Sn2 S6,1
Li1 I1,1
Eu3 S4,1
Ba1 Hg1 S2,1
Ba1 B2 O4,1
Li9 Ga13 Te21 O66,1
Bi1 Sb0.15,1
Cd0.8 In2.1 Ag0.1 Te4,1
In2 As2 Cl2 O5,1
Tl1 Cd1 S2,1
Eu2 O3,1
Tl1 In1 S2,1
Na2 Pt1 I6 O18,1
K6 Ta2.93 Nb1.07 S22,1
Sb1 Te1 Os1,1
Sn1 S1,1
In1 N1,1
Y1 V1 Te1 O10,1
Bi1.4 Sb0.6 Te3,1
K1 P1 Pb1 O4,1
Si1 Se2,1
Na2 Zn3 Se4 O12,1
Te0.05 Pb1 Se0.95,1
In4 Te3,1
Cs1 Bi1 S2,1
Ba4 In1 Cu1 Se6,1
Sr1 Sn1 O3,1
Tl3 V1 S4,1
Na2 Be4 B4 O11,1
Ce2 S3,1
P2 Rh1,1
Zn0.01 Ga0.99 As0.99 Se0.01,1
Ce2 Ge2 Se7,1
Zn1 As2,1
Na1 Bi1 S2,1
Zn0.75 Hg0.25 Te1,1
Eu7 Ga6 Sb8,1
Sm1 Bi1 W2 O9,1
Cr1 Si2,1
Pb1 S1,1
Ga0.99 Hg0.01 Sb0.99 Te0.01,1
Y1 Sb1 Pt1,1
Sb1 Os1 S1,1
K4 Ge1 P4 Se12,1
Ag1 Bi1 Se2,1
Cs1 In1 S2,1
In0.3 Ga0.7 As0.3 P0.7,1
Cs2 Ag1 Bi1 Cl6,1
Cd1 Sn1 P2,1
Ba2 Ga1 Bi1 Te5,1
Ca3 B2 N4,1
Ba1 U1 Se3,1
Sm1 In3 S6,1
Cu0.5 Ge1 Pb1.75 S4,1
As1 P1,1
Fe1 As1 Se1,1
Sb2 O3,1
K1 In1 Ge1 S4,1
Ba2 Sn1 Se5,1
Mn15 Si26,1
Cd0.1 Hg0.9 Se1,1
Ho1 N1,1
Ga1.8 Cu0.2 Se2.8,1
Rb2 Cd1 P2 Se6,1
Sn0.08 Te0.08 Pb0.92 Se0.92,1
Cs2 Cd1.35 Hg4.65 S7,1
Ti1 Se2,1
In0.7 Ga0.3 As0.3 P0.7,1
Sn1 I2,1
Bi2 Te1.5 Se1.5,1
Ge0.15 Pb0.85 Se0.85 S0.15,1
Na1 I1,1
P2 Os1,1
Cd1 Si1 P2,1
Na2 In4 Se6 S1,1
Al1 Cu1 Se2,1
Yb1 Cu3 S3,1
Rb1 Sb1 Te2,1
Bi1 P3 Pb3 O12,1
Ce8 Sb2 S15,1
Ba2 Ca2 B4 O10,1
Zn1 Sb1,1
K2 V1 Ag1 S4,1
Ba1 Cu1 Sb1 Se3,1
Ga1 H1 Se1 O4,1
Zn0.25 Ga0.75 As0.75 Se0.25,1
Ge1 Se2,1
Ga1.6 Cu0.4 S2.6,1
Cs3 Nb9 Te4 O32,1
Cd5 Ga2 Te6 S2,1
Ag1 Sb1 S2,1
In0.01 Ga0.99 As0.99 P0.01,1
Cu1 Bi1 Se1 O1,1
Cu4 Sn7 S16,1
Ce1.3 Lu0.7 S3,1
Li1 Ga1 S2,1
Ba6 Ag2.7 Sn4.3 S16,1
Yb1 Sm2 Cu1 S5,1
K2 Hg3 Ge2 S8,1
Cs1 Sc1 Se2 O6,1
La2 Hf1 S5,1
Ba2 B4 H2 O9,1
Cd1 Ga2 Se4,1
Sn1 Se0.99 S0.01,1
Zr1 C1,1
Sr2 Sc1 Sb1 O6,1
Cd1 Ga2 S4,1
Hg1 Te1,1
La3 Mo4 O16 F1,1
Tl1 N3,1
Cs4 Th2 P6 S18,1
Mg2 Si1,1
Cs1 Sb1 Te2,1
In0.4 Ga0.6 As1,1
Cd0.01 In0.99 Te0.01 As0.99,1
In0.5 Ga0.5 As1,1
Rb1 Bi3 Se5,1
Tb1 In3 S6,1
Co1 Pb1 O3,1
Rb1 H2 I3 O9,1
Eu1 N1,1
Al1 Cu1 Te2,1
Bi2 Te0.3 Se2.7,1
La2 Se3,1
Na2 Ti3 O7,1
In0.005 Te1 Pb0.995,1
In0.9 Ga0.1 As0.9 P0.1,1
Rb1 Ca1 B1 O3,1
Ga1.5 Cu0.5 Se2.5,1
K1 Ga1 Se2,1
K1 I1 O3,1
Zn0.1 Ga0.9 Sb0.9 Te0.1,1
Te2 Pd1,1
Zn3 B2 O6,1
Ga1 Cu1 Se2,1
Rb1 Nb3 Te2 O12,1
Tl2 S1,1
Cd1 As2,1
Ga1 Tc1,1
Cd1 In2 S4,1
Sn0.23 Te1 Pb0.77,1
K2 Se1,1
In6 Se7,1
Ga1 As0.8 P0.2,1
Bi24 B1 O39,1
Mg1 Cu2 Ge1 S4,1
Ba1 Ga2 Ge1 S6,1
K10 Co4 Sn4 S17,1
K2.15 Sb8.15 Pb1.7 Se15,1
Cd1 Hg6.5 As4 Cl6,1
Tl1 Cr5 Se3 S5,1
Ag1 Sb1 Te2,1
Na1 In1 Te2 O6,1
Te1 Pb3 Cl4 O3,1
Na0.5 Ge1 Pb1.75 S4,1
Li1 As1 S2,1
Cs4 Ag9 Sb4 S12,1
Ga3 Cu1 Se5,1
P2 Ru1,1
Ga1 Ag1 S2,1
Ca1 I2,1
Ga1 As0.99 P0.01,1
Nd2 O3,1
Ge1 O2,1
Cd0.23 Hg0.77 Te1,1
Rb1 P1 Pb1 O4,1
Li2 Te1 Mo1 O6,1
In3 Cu1 Te5,1
Li1 Gd5 P2 O13,1
Li2 Si1 Hg1 S4,1
Tb2 Eu1 Se4,1
K1 Cu2 Bi1 S3,1
Zn1 In2 Se4,1
In2 Bi3 Se7 I1,1
Sb1 S1 Br1,1
In0.01 Te1 Pb0.99,1
K2 Mn1 Sn1 Se4,1
Ir1 Se2,1
V1 Fe1 Sb1,1
La1 Ga1 S3,1
Cs1 Bi2,1
Sn1 Pb1 S3,1
Ca1 Te1,1
Rb1 Nb1 Se2 O7,1
Cd1 Se0.45 S0.55,1
K2 S1,1
Zn0.99 Hg0.01 Se1,1
Tl4 Cd1 I6,1
In1.9 Cu0.1 Se2.9,1
Hg1 Br2,1
Ga1.1 Sb0.9 Te0.3,1
Cd3 Sb2,1
Cs1 Tm9 Cd4 Se18,1
Bi2 Te0.4 Se2.6,1
Eu1 Te1,1
Na1 Y1 Te4 O10,1
K2 La2 Ti3 O10,1
Ge0.01 Pb0.99 Se1,1
Tl1 In1 Te2,1
Ge0.1 Pb0.9 Se0.9 S0.1,1
K2 Mo2 Se2 O11,1
Pb1 Br2,1
As2 S5,1
La1 Cu1 Se1 O1,1
Na1 H3 Se2 O6,1
Ir1 Se1 S1,1
Zn1 Cu2 Si1 Te4,1
As2 Os1,1
Cd1 Te1 O3,1
U1 Hg4 As2 Cl6,1
Rh1 S3,1
Nb2 Ag1 P1 S10,1
Sm3 B1 S3 O3,1
Gd1 Sc1 S3,1
Eu1 In2 Se4,1
Cs2 Ag1 Bi1 Br6,1
Li1 Ga1 Te2,1
Sb2 Os1,1
Ce1 Ta1 N2 O1,1
Ce4 In1 Sb1 Se9,1
Y1 N1,1
Tb1 W1 Cl1 O4,1
Li1 As1 Se2,1
Rb1 Cl1,1
Co1 Sb2,1
Sn1 Se0.01 S0.99,1
Ba1 Pd1 I4 O12,1
Fe2 O3,1
Zn0.8 Hg0.2 Te1,1
Si0.12 Ge0.88,1
Na1 Sb1 P2 S6,1
K2 Ge3 B2 O10,1
Pr2 Ge1 Se5,1
Rb2 V1 Cu1 S4,1
Rb4 Mo5 P2 O22,1
K2 V1 Cu1 S4,1
Tb1 Cu3 Se3,1
Sm2 Se3,1
In1 Ag1 S2,1
V2 Bi2 Se4 O16,1
Mg2 Ge1 Se4,1
In0.99 Ga0.01 As0.01 P0.99,1
Ga1 Sb0.99 As0.01,1
Bi1 Br3,1
Al0.01 Ga0.99 P1,1
Re1 Se2,1
Eu1 S1,1
B1 Pb2 Cl1 O3,1
In0.04 Te1 Pb0.96,1
Cs1 In1 Se2,1
In0.6 Ga0.4 As0.6 P0.4,1
Zn0.5 Ga0.5 As0.5 Se0.5,1
Cs1 Na2 Sb1,1
Zn1 In2 Te4,1
P1 Os1 S1,1
In0.4 Ga1.6 Cu1 S3.5,1
Sm1 Cu3 S3,1
Zn1 Ge1 As2,1
In1 Sb0.01 As0.99,1
Gd2 Mo3 O12,1
Ba2 In1 Bi1 S5,1
Fe1 Bi1 Se3 O9,1
Cd1 Cu2 Sn1 Se4,1
Li3 Sc1 N2,1
In1 Bi2 Se4 Br1,1
In0.001 Te1 Pb0.999,1
Cu1 Sb1 S2,1
Li1 Mo1 I1 O6,1
Ge0.2 Pb0.8 Se1,1
Cs2 Hg3 I8,1
Ba2 Sm1 In1 Se5,1
Sb1 Se1 Br1,1
K2 Al2 B2 O7,1
Zn0.9 Ga0.1 P0.1 S0.9,1
Cs1 In1 Hg1 S3,1
Si0.458 Ge0.542,1
Ga2 Hg1 Se4,1
Sr3 Ti2 O7,1
Te2 Ru1,1
In1 Cu1 Ge1 Se4,1
Ge1 Te2,1
V2 Zn3 Te1 O10,1
K2 Hg3 Se2.97 S1.03,1
Y1 Ni1 Sb1,1
Rb1 Mn4 Ga5 Te12,1
Cs2 Cd0.25 Hg5.75 S7,1
Ni1 O1,1
Cs1 I1,1
B2 Se2 O7,1
Si1 Te2,1
Cs2 P2 Pd1 Se6,1
Cu2 Sn1 Se3,1
La1 Cu1 Te1 O1,1
Ba1 Si2,1
K2 Ce1 P2 O8,1
Ga1 As0.6 P0.4,1
Li2 Sn1 Hg1 S4,1
Na1 Cl1,1
Ge0.05 Te1 Pb0.95,1
B1 Sb1,1
Cr1 O3,1
Cs1 Bi1 Se2,1
Mg3 As2,1
Cs1 Cu2 Sb1 S3,1
Cu0.96 Bi2 Se3 I1,1
Cd1 Se0.99 S0.01,1
Rb4 Ag9 Sb4 S12,1
In9 Ag1 Te14,1
Ba2 Sn1 Se4,1
Bi1 Cl1 O1,1
Ti1 Ni1 Sb1,1
Ga1.99 Cu0.01 Se2.99,1
In1.5 Cu0.5 Se2.5,1
Na8 Al8 Si38,1
Ga1.7 Cu0.3 S2.7,1
Ge2 Sb2 Te5,1
Cs1 P1 Pb1 O4,1
K1 H3 Se2 O6,1
As1 P1 Pd1,1
K2 Sm2 Ti3 O10,1
Sn2 W1 O5,1
Sn0.05 Pb0.95 Se1,1
Ga2 O3,1
Sn1 Se2,1
Rb1 Bi1 S2,1
Nd1 B6,1
Ga1 As0.5 P0.5,1
Cs1 Zn4 In5 Te12,1
Ni1 P2,1
Ba4 Ga5 Ag1 S12,1
K1 In1 S2,1
Ag2 Hg1 I4,1
K10 Zn4 Sn4 S17,1
Gd1.87 Lu2.13 Se6,1
Cs2 Sn1 P2 Se6,1
P1 Pd1 S1,1
Hg1 P1 S3,1
Co1 Te1.88,1
Sr1 In2 Ge4 Ir4,1
Na1 Sb1 F6,1
Cd1 In8 Te13,1
Gd1 Cu3 Te3,1
In1.01 Cu0.99 Se2.01,1
In0.5 Ga0.5 P1,1
Si0.1 Ge0.9,1
Tl1 Ga1 Se2,1
In4 Se3,1
Na1 Ga1 Ge3 Se8,1
Bi3 I4 O13 F3,1
Ho1 Cu3 Se3,1
Rb1 In1 Ge1 S4,1
Ag1 F1,1
Ga4 Cu2 Te7,1
Sm2 Sc3,1
W1 Se2,1
Ba3 Bi0.5 B1.5 S6,1
Hg2 Br2,1
Ba1 Sn1 O3,1
Cs8 Ga8 Si38,1
Ca5 B3 O9 F1,1
Bi1 I1 O1,1
Pr1 O1,1
Cd1 Hg6 As4 Br6,1
Y1 B66,1
Ge3 Bi3 O10.5,1
Cr1 O2,1
Bi0.04 Te0.06 Pb0.98 Se0.98,1
V2 O5,1
Gd1 B6,1
La2 S3,1
Li4.5 Mn0.5 Te1 O6,1
Rb2 Te1,1
In1 Sb0.4 As0.6,1
Ce3 Mo1 O7,1
P2 Pd3 S8,1
Ba1 Ti1 O3,1
Cs2 Ti1 Ag2 S4,1
Zn0.9 Ga0.1 As0.1 Se0.9,1
Cd0.2 In2.4 Ag0.4 Te4,1
Y3 Ga1 S6,1
Sc2 O3,1
Y6 Zn1 Si2 S14,1
Tl2 Cu2 Sn1 S4,1
Ba3 Mg1 Ta2 O9,1
Na3 Zn1 B5 O10,1
K1 Nb1 Se2 O7,1
In1 S1,1
Nd2 S3,1
Hf1 O2,1
Rb2 Ti1 Ag2 S4,1
La3 In1 Ge0.5 S7,1
Ba2 Y1 In1 Se5,1
Bi0.4 Te0.6 Pb0.8 Se0.8,1
Sb6 Pb6 Se17,1
Ba2 Ga1 Bi1 Se5,1
K2 Cu2 Sn2 Se6,1
Er1 N1,1
Tl1 Cu1 Cl3,1
Er2 Mo3 O12,1
Ba4 Ge3 Se9 Cl2,1
Cu1 Bi1 Pb1 Se3,1
Eu3 As2,1
Hg1 Cl2,1
Sr1 O1,1
In1 Ag1 O2,1
Ba1 Pd1 Se6,1
Ho1 Cu3 Te3,1
K4 Ba2 Nb4 S22,1
Si1 Sn1,1
Co1 Sb1 S1,1
Tl0.001 Te1 Pb0.999,1
Ge40 Te5.3 I8,1
Cs2 Cd3 Te4,1
Pd1 I2 O6,1
Ba3 B1 Sb1 S6,1
Ba2 Nd1 Ga1 Se5,1
K2 Ga3 Cu1 Se6,1
Na1 Bi1 Se2,1
Bi2 Te2.1 Se0.9,1
Zr1.33 Ta0.67 N1.97 O1.38,1
Cd8 B5 O15 F1,1
Zn0.92 Hg0.08 Te1,1
Tl1 In1 Hg1 S3,1
Eu1 In2 Te4,1
Tb2 O3,1
K2 Ti1 Cu2 S4,1
K1 P1 Au5 S8,1
Ta2 Tl4 S11,1
Sm1 Er3 Se6,1
Ge0.4 Te1 Pb0.6,1
Cr1 Te2,1
Bi2 O3,1
Ga1.1 Cu0.9 Se2.1,1
Fe1 Cu1 Te2,1
Nd1 F3,1
Cd0.6 Hg0.4 Se1,1
Ag1 Te2 As1,1
Si1 Sb1,1
Cd1 Hg4 As2 I4,1
In1.1 Cu0.9 Se2.1,1
Cs4 Bi1 As3 Se7,1
Sr1 Mg1 Sn1 Se4,1
B1 H1 Pb2 O4,1
K2 Sn3 Sb2 S10,1
Na1 Sb1 S2,1
Li1 Ca3 As2 H1,1
Bi1.6 Sb0.4 Te3,1
Gd1 N1,1
Lu2 Cr1 S4,1
Mn1 F2,1
Ga2 Cu1 Se4,1
La8 Sb2 S15,1
Ag5 I1 O6,1
Y4 U1 S5 O3,1
Zr1.33 Ta0.67 N2.61 O0.42,1
Tl2 Ge1 Te3,1
Li1 Zn2 Ga1 O4,1
Bi1 I1 O3 F2,1
Tl1 Sb1 Te3,1
Ba3 B1.5 Sb0.5 S6,1
Ge1 Se2 O6,1
Sn0.13 Pb0.87 Se1,1
Cu3 As1 Se4,1
Cd3 Bi2,1
Rb1 Bi3 Te1 Se4,1
Dy1 As1,1
Ti1 Bi25 O39,1
Rb2 Te1 Br6,1
In2 Se1,1
Ge1 As1,1
Y1 V1 Se1 O10,1
K1 Cu4 As1 S4,1
K2 Zn1 Sn3 S8,1
B2 O3,1
Pd1 S2,1
Sc1 Ag1 O2,1
Ga1 Ag1 Te2,1
Sc1 Ti1 Nb1 O6,1
La3 Si1 Sb0.33 S7,1
Cd4 Sb2 I3,1
Ga2 Ge1 Te3,1
Ga1 Sb0.85 As0.15,1
In1.3 Cu0.7 Se2.3,1
Cd0.05 Ga0.95 Sb0.95 Te0.05,1
In1.7 Cu0.3 Se2.7,1
Ga1.85 Cu0.15 Se2.85,1
Cs1 Y1 Hg1 Se3,1
Pr2 Se3,1
Pb2 Se1 N2 O9,1
Tl2 Bi1 P2 S7,1
Sn1 Se0.6 S0.4,1
Sn0.001 Pb0.999 Se1,1
In2 Se2 O7,1
P1 H6 N1 O4,1
Na1 In1 Sn1 S4,1
Cs2 Te1 Br6,1
Cs0.4 K0.6 P1 Se6,1
Ca2 Ge1,1
Ba2 Zn1 Te3,1
Ga1 Cu1 O2,1
V1 In1 Ni2 O6,1
Pr1 B6,1
Rb2 Mo3 Se3 O16,1
Rb1 In1 S2,1
Ga1.001 Sb0.999 Se0.003,1
Ba1 Ga4 S7,1
Li1 Mg1 As1,1
Ba2 V2 Zn1 O8,1
Bi2 S1 I2 O11,1
Ge0.01 Te1 Pb0.99,1
Rb2 Ag1 P1 S4,1
Ba1 Cu2 Sn1 Se4,1
Bi1 P1 O4,1
Na2 Se1,1
La4 Fe1 Sb2 S10,1
Gd1 B1 Sb2 O8,1
Ba2 Ga8 Si1 S16,1
K2 Cu2 Sn2 S6,1
Zn0.8 Hg0.2 Se1,1
V2 Ag2 I4 O16,1
Na1 Nb2 P1 S10,1
Zn2 Te1 Mo1 O7,1
Sc1 Ta2 N1 O5,1
Cd0.5 In2.25 Ag0.25 Te4,1
Tb1 B1 Sb2 O8,1
Pr1 Tl1 Se2,1
Ba1 Ga2 Sn1 Se6,1
Ag2 Sn1 Se3,1
Ga1 Ag1 Se2,1
In1 Sb0.5 As0.5,1
B4 C1,1
Gd1 H2 N1 O5,1
Cu2 Ge1 Se3,1
Ga1 Sb0.3 As0.7,1
Pd1 O1,1
Tl2 Te1 S3,1
Ca1 Pr2 S4,1
Cd0.9 Hg0.1 Se1,1
Ba2 Ga1 Bi1 S5,1
V1 Bi24 O41,1
V2 O4,1
Pr1.29 Lu0.71 S3,1
Ag1 As1 Se2,1
Sr8.007 Ge2.043 Bi7.949 Se24,1
Zr3 O1,1
In0.4 Ga0.6 As0.4 P0.6,1
Tl1 Cr5 S8,1
Tb1 Cu3 Te3,1
Na2 Cd1 Ge2 S6,1
La2 Ga2 Ge1 S8,1
La2 Mo1 O5,1
Ba7 B3 O9 F5,1
Si0.6 Ge0.4,1
Ba1 Ta1 N1 O2,1
Si0.162 Ge0.838,1
Dy1 P1 O4,1
Ho1 In3 S6,1
Ag2 S1,1
Cd0.01 Hg0.99 Se1,1
Te0.99 Pb1 Se0.01,1
Ga1 Bi1,1
Cs1 In1 Ge1 Se4,1
Rb1 Nb4 Br11,1
Pb1 Se0.95 S0.05,1
K3 Ti2 P5 S18,1
Ba3 Fe1 S4 Br1,1
Pr1 In3 S6,1
Si1 As2,1
Eu3 Sb4 Se9,1
Mg1 Ge1 N2,1
Ca4 Bi6 O13,1
Pr1 Cu1 S1 O1,1
Ga1.95 Cu0.05 S2.95,1
H6 Pt1 I6 O20,1
Cu2 W1 Se4,1
Sn1 Te1,1
Li2 In2 Si1 Se6,1
In0.3 Ga0.7 As0.7 P0.3,1
Ga1 As0.2 P0.8,1
Rb1 Cd4 In5 Se12,1
Sm3 Te4,1
Yb1 Sb4 Te7,1
Cs1 Li1 B6 O10,1
Li6 Mo6 Se6 O33,1
Zn0.85 Ga0.15 P0.15 S0.85,1
K8 Ce2 I18 O53,1
Rb3 Al3 Ge7 S20,1
Ba3 Er2 P4 S16,1
Li2 Zn1 Ge1 Se4,1
K2 Te1,1
Bi1 Pb1 Br1 O2,1
Ti1 Bi12 O20,1
Pr1 Lu1 Se3,1
B1 P1,1
K1 Sb5 S8,1
Ga1.02 Sb0.98 Te0.06,1
Gd1 Te1,1
Ge0.41 Te1 Pb0.59,1
Zn2 In1 Cu1 Te4,1
Cs2 Al2 B2 O7,1
Ba8 Hg4 Se7 S5,1
La2 Zn1 Se2 O2,1
Fe1 Ag1 Se2,1
Tl1 P1 Se2,1
Cd0.03 In0.97 Te0.03 As0.97,1
K2 Ag3 Sb3 S7,1
Bi1.98 Sb0.02 Te3,1
K2 Re1 H9,1
Eu3 Se4,1
Si0.001 Ge0.999,1
Cu3 Hg2 Te6 O16,1
Ag8 Sn1 Se6,1
Bi2 As1 Cl1 O4,1
Cs2 Te1 I6,1
Ag2 Ge1 S3,1
Zn1 Sn1 As2,1
Y1 Cd4 B3 O10,1
Li1 Zn1 B1 O3,1
Ti1 Te2,1
Sb1 Pb2 S2 I3,1
Cs3 Bi2 Br9,1
La3 Mg0.5 Sn1 S14,1
Tl1 Bi1 Te2,1
Ba1 Ga2 Si1 Se6,1
Ba2 Gd1 In1 Se5,1
Ta7 Cu3 O19,1
Ga1 P1,1
K2 Cd1 P2 Se6,1
K1.83 Cd1.83 Bi2.17 S6,1
Cs1 Cd4 In5 Te12,1
Ce4 Ge3 S12,1
Tl2 Hg3 S4,1
Ga3 Cu1 Te5,1
Cu1 Bi1 Pb1 S3,1
K1 Bi3 S5,1
Cs1 Ca1 B1 O3,1
Cd0.35 Hg0.65 Te1,1
Tl1 Ga1 Te2,1
Gd1 Cu3 S3,1
Tm1 Cu3 Te3,1
Li1 Bi3 Cl2 O4,1
K1 Si2 P3,1
Ag1 Sb1 Se2,1
La2 Yb1 Cu1 S5,1
In0.1 Ga0.9 As0.9 P0.1,1
In0.72 Ga0.28 As1,1
Ag7 As1 Se6,1
Cd1 Ag2 Ge1 S4,1
Li0.33 Ti0.67 Ag1 O2,1
Yb1 Ga2 Se4,1
Ca2 Sm1 Ta1 O6,1
Sn0.2 Te1 Pb0.8,1
Ba4 B11 O20 F1,1
In2 O3,1
Na2 Nb4 Se4 O19,1
Bi2 Te1.2 Se1.8,1
Cs2 Si1 B4 O9,1
Cs10 Cd4 Sn4 S17,1
Rb2 Hg3 Ge2 S8,1
Rb2 Te1 I6,1
Si1 Ge1,1
Cs5 P5 Se12,1
Na1 As1 S2,1
Ho2 Ge1 S5,1
Mn1 P4,1
K10 Zn4 Ge4 S17,1
Yb1 S1,1
Tl2 Sn2 Au2 Se6,1
Cs2 Cd2 Bi2 S5,1
Li1 In1 I4 O12,1
Te1 Se3,1
Cr3 Se4,1
Al0.35 Ga0.65 As1,1
K2 Bi8 Se13,1
Zn6 S5 Cl2,1
Cs1 Cl1,1
Bi0.002 Te0.003 Pb0.999 Se0.999,1
B3 Pb3 N1 O10,1
Mn1 V1 Te2 O8,1
Al0.01 Cd0.99 Sb0.01 Te0.99,1
K1 Tb1 Se4,1
Sr1 Bi1 Cl1 O2,1
Ho2 Mo3 O12,1
K2 Sm1 P2 S7,1
Na0.8 Li0.2 As1 Se2,1
Ba5 V3 O12 F1,1
Na1 Cd4 P3,1
Eu1 Sb2 Se4,1
In0.07 Te1 Pb0.93,1
Zn1 Sb2 Mo1 O7,1
As1 Se1 I1,1
Cd0.06 In0.94 Te0.06 As0.94,1
Tl1 N1,1
Na1 In1 I4 O12,1
Al1 Ag1 O2,1
K1 F1,1
Pb1 Se0.9 S0.1,1
Al1 Ag1 Te2,1
Ba2 In1 Ag1 S4,1
As1 P1 Pt1,1
Ce1 Tl2 P2 S7,1
Li1 Sb3 Pb1 S6,1
V2 Cd2 Te2 O11,1
Ga4 Sn1 Se7,1
Ho2 O3,1
Ba2 Ga1 Sb1 Te5,1
Cd0.3 Hg0.7 Se1,1
Al0.1 In0.9 P1,1
Na3 Sn2 Cl1 F6,1
K5 In3 P6 Se19,1
Sn1 I4,1
Ti6 H2 O13,1
Li2 Si2 B12,1
Sb2 Pb1 Se4,1
Pd1 S1,1
Al0.1 Cd0.9 Sb0.1 Te0.9,1
K1 Au1 I4 O12,1
Ba3 Tb2 P4 S16,1
K1 Si1 Bi1 S4,1
Ba4 Si3 Se9 Cl2,1
Al2 Te3,1
In2 Fe1 Se4,1
Cs1 Nb1 Se2 O7,1
Sc2 Fe1,1
Cd0.01 Ga0.99 Sb0.99 Te0.01,1
Cs3 Nb2 As1 Se11,1
K3 Ta2 As1 S11,1
Ga1 Cu1 Ge1 Se4,1
Ba5 Ga6 Sn1 P12,1
Dy1 In3 S6,1
V2 Pb4 Se6 O21,1
Eu1 Ga2 S4,1
Mn1 In2 Pb1 S5,1
Cd1 P4 Pb1 O12,1
Mg2 Pb1,1
Na2 Cd1 Sn1 S4,1
Cs1 Li1 C1 O3,1
Th1 Se1 O1,1
Nb2 Tl3 Cu1 Se12,1
Y1 H2 N1 O5,1
Mg3 P2,1
Zn0.4 Hg0.6 Se1,1
Rb3 Sb2 I9,1
Al0.4 In0.6 P1,1
Ba4 Sb3 S8 Cl1,1
Li2 Cd1 Ge1,1
Zn1 Si1 P2,1
Na1 In1 S2,1
In11.3 Bi14.7 S38,1
Cs2 Cd1 P2 Se6,1
Tl0.07 Te1 Pb0.93,1
Er1 Bi1 W2 O9,1
Li1 Ga1 Ge2 Se6,1
Eu3 In2 P4,1
Gd1 As1,1
Cs1 Ga1 S3,1
Mg3 As1 N1,1
Ba2 Er1 In1 Se5,1
Cs1 P1 Se6,1
Bi1 S1 Cl1,1
Cd0.37 Hg0.63 Te1,1
Cd1 Se0.2 S0.8,1
Gd2 S3,1
Na2 Te1 S3,1
Ag1 Bi1 Pb1 S3,1
Zr1 Hg4 As2 Cl6,1
Ba1 Bi1 Cl1 O2,1
Rb1 Yb1 Zn1 Se3,1
Na1 In1 Te2,1
Fe1 P1 S1,1
Tm2 O3,1
K1.46 Sn3.09 Bi7.45 Se15,1
Ba2 Na1 Cu3 S5,1
Ru1 S2,1
K1 Eu1 As1 S4,1
Ge0.39 Te1 Pb0.61,1
Yb1 Cu3 Se3,1
Tl0.04 Te1 Pb0.96,1
Li2 Fe1 Sn1 S4,1
Ga2 Pb1 Se4,1
Ba2 B6 O11,1
B12 As2,1
Tl1 As1 S2,1
Se1 S1,1
Ga0.01 Te1 Pb0.99,1
Ba1 Ge4 Rh2 Se6,1
Cs1 Ge1 I3,1
Rb1.45 Sb7.45 Pb3.1 Se15,1
Mg1 Si1 N2,1
Co1 Sb3,1
Mg1 Te1,1
Ba2 Dy1 In1 Se5,1
Ba4 In1 Ag1 Se6,1
P1 Pd1 Se1,1
Bi1 Se1 O3 F1,1
K1 Cl1,1
Sn0.1 Te1 Pb0.9,1
Zn1 Si1 Ag2 S4,1
Bi2 Te3,1
K8 Zr6 Se30,1
La1 V1 I5 O16,1
K1 Bi1 S2,1
Cd1 Sb2 Se3 Br2,1
La2 Fe1 Se2 O2,1
Ba1 Zn2 As2,1
Yb1 Sb2 S4,1
Ag1 Cl1,1
Tl1 Sb1 Se2,1
Th2 Ge1 Se2,1
Rb2 Cu2 Sb2 S5,1
Ba1.88 Ta15 O32,1
Cs6 Na2 Zn4 Ge42,1
Li4.5 Ga0.5 Te1 O6,1
K1 Ga1 Sn1 Se4,1
In1.05 Cu0.95 Se2.05,1
Cu2 Te1,1
Zn0.2 Hg0.8 Te1,1
Zn0.3 Ga0.7 P0.7 S0.3,1
Te1 I4,1
K1 Sb1 S2 O8,1
Cd1 Se0.01 S0.99,1
Ba2 Nd1 In1 Te5,1
Ba2 Sm1 Ga1 Se5,1
Zn1 I2,1
K2 Nb1 Cu1 Se4,1
In1 Bi2 S4 Br1,1
Zn0.99 Ga0.01 P0.01 Se0.99,1
Ti1 S3,1
Hg2 Te2 I2,1
Ba3 Ta2 Se9,1
Cs2 Mg1 Sn3 Se8,1
Ce10 Se14 O1,1
K2 P2 Se6,1
Eu1 Sb4 Te7,1
Cs1 Ag1 Sb4 S7,1
Ca3 Sb2,1
Cs1 Na8 B21 O36,1
Cu2 P2 S6,1
Zr1 Ni1 Sb1,1
Pt1 S2,1
Ce1 Mo1 O4 F1,1
Rh0.67 S2,1
Nd4 Ge3 S12,1
Gd1 B66,1
Nb3 Cu1 O8,1
Sn0.08 Te1 Pb0.92,1
Cs2 Hg1 I2 Cl2,1
Si0.109 Ge0.891,1
Ba2 Ga1 Sb1 Se5,1
La4 In1 Sb1 Se9,1
Al1 Ag1 Se2,1
Si0.2 Ge0.8,1
In0.2 Ga0.8 As1,1
Lu2 Tl1 Cu3 Se5,1
Li1 F1,1
Ga1.01 Cu0.99 Se2.01,1
Gd3.04 Sc0.96 S6,1
Ga0.001 Te1 Pb0.999,1
Ba2 Sc1 Ta1 O6,1
Zn1 Sn1 Sb2,1
La2 Mn1 Ni1 O6,1
Li2 Zn1 Sn1 Se4,1
Rb1 H3 Se2 O6,1
Sn0.17 Pb0.83 Se1,1
Ba2 Er1 In1 Te5,1
Si0.08 Ge0.92,1
Si0.07 Ge0.93,1
Er2 Se3,1
Bi2 I4 O13,1
Na1 Ge3 P3,1
K2 Zn1 Sn2 Se6,1
Pt1 Se2,1
Zn1 Cu2 Sn1 Te4,1
Al1 V1 Te2 O8,1
P2 Pt1,1
In4 Bi3 S10,1
Sn1 Ge1 S3,1
Ca1 Sm2 S4,1
K8 Al8 Si38,1
Bi1 S1 I1,1
Yb1 Ce2 Cu1 S5,1
Cu2 O1,1
Pb1 Cl2,1
Ba1 B1 Cl1 F4,1
Sn2 S1,1
Tl0.005 Te1 Pb0.995,1
Ga1 Sb0.01 As0.99,1
Cs2 Te1,1
Th2 Se5,1
Ti1 Fe2 Si1,1
Ge1 Pb1 S3,1
K1 Na2 Sb1,1
Gd1.47 Mn2.04 In0.49 S5,1
K1 Ag2 Sb1 S4,1
Cs2 Nb1 Cu1 Se4,1
La3 Ga1 Cu1 Se7,1
Cd1 Cu2 Ge1 Se4,1
Ba8 Al10 B12 O41,1
Si1 Bi12 O20,1
Ga2 Te3 O9,1
K1 In1 Se2,1
V1 Zn2 Bi1 O6,1
Cd0.7 Hg0.3 Se1,1
K1 Fe2 Bi1 O5,1
Cs2 Cd3 B16 O28,1
Hf1 S2,1
Fe4 H15 I3 O24,1
Ga1.65 Cu0.35 Se2.65,1
K2 Ag1 Sn1 Se4,1
Sm1 B66,1
Cs1 Sb1 S2,1
Li6 Al2 Te8 O22,1
Rb3 Bi2 Br9,1
Pr10 Se14 O1,1
Ba1 Te1,1
B3 H2 Pb2 O7.5,1
Yb1 Sb2 Te4,1
Cs2 Zn3 Se4 O12,1
Ce1 Sc1 O3,1
Tl2 Te1 I6,1
Al1 B12,1
Zn0.9 Hg0.1 Se1,1
Rh0.67 Se2,1
Si0.999 Ge0.001,1
Zn0.05 Ga0.95 Sb0.95 Te0.05,1
Li1 B9 Pb1 O15,1
La2 V2 I1 O9,1
Sn2 Sb1 S2 I3,1
Ba2 B6 H4 O13,1
Nd4 In1 Sb1 Se9,1
Sm2 O3,1
Yb1 Te1,1
Rb1 Zn4 In5 Se12,1
Ga2 Se2 O7,1
Dy1 Te1.7,1
In1 Sb2 Se4 Br1,1
Cu2 Ge1 S3,1
Sm4 In1 Sb1 S9,1
Cs4 Ge5 Pb4 S16,1
Ga2 Hg1 S4,1
Cs1 Sm1 Cd1 Se3,1
Ca1 F2,1
Rb1 Mo1 P1 O6,1
P1 Ru1 S1,1
Sr1 Se1 O4,1
Tl1 Cr5 Se8,1
Tl1 In1 Ge1 S4,1
La3 Si1 Sb0.33 Se7,1
K2 Th1 Cu2 S4,1
K2 Gd2 Ti3 O10,1
Cd0.2 Hg0.8 Se1,1
In3 Cu1 S5,1
Tl1 Cr5 Se7 S1,1
Sn2 Bi1 S2 I3,1
In1.65 Cu0.35 Se2.65,1
Ba4 Ge3 S9 Cl2,1
Ni1 S2,1
Na8 Eu2 Ge4 S12,1
Ca1 Gd2 S4,1
Ho2 S3,1
K3 Th2 Cu3 S7,1
Te2 Mo1,1
Sn3 Ir2 Se3,1
Zn0.5 Cd0.5 Se1,1
Zr1.86 Cu1 S4,1
Ba1 Hg1 Se2,1
La3 Ga1 Ge0.5 S7,1
Ce1 F3,1
Gd1 Cu3 Se3,1
Ce2 Fe1 Se2 O2,1
Dy4 Ga1 Sb1 S9,1
Si3 Ru2,1
Cd1 P2,1
In3 Ag1 Te5,1
In1 P2 S4,1
Pb1 Se1 O4,1
Ba3 Sn1 Sb2 Se8,1
Li1 Al1 B14,1
In0.8 Ga0.2 As1,1
La1 B6,1
Na1 Al1 Ge1 S4,1
Nb1 Ag2 P2 S8,1
La1 Ga1 O3,1
Na0.5 Ge1 Pb1.75 Se4,1
Ba4 Ga5 Cu1 S12,1
Cs1 Cd1 B1 O3,1
Zn0.7 Ga0.3 P0.3 Se0.7,1
Sm1 Sn1 Te2,1
Th1 O2,1
As1 Ru1 S1,1
Ce1 In3 S6,1
Tl1 Ag1 Se2,1
Cd2 In1 Cu1 Te4,1
Ge1 As2,1
Sr1 Se1,1
P2 Pd1,1
Ba4 Ga4 Sn1 Se12,1
Na2 In2 Ge1 Se6,1
Ba2 In2 S5,1
Ba1 Cu1 Sb1 S3,1
Na2 Zn1 Ge2 S6,1
K3 Cr2 P3 S12,1
Y1 Mo1 Cl1 O4,1
Re1 Si2,1
Ag2 Mo1 I4 O14,1
In0.99 Ga0.01 As0.99 P0.01,1
Sm1 P1,1
Zn3 P2 S8,1
Zn0.42 Ga0.58 As0.58 Se0.42,1
Na2 Ga2 Sn1 S6,1
Fe2 B1 P3 O12,1
Re1 O3,1
Bi1 Pb2 S2 I3,1
Li3 Al1 P2,1
Cs2 Sn3 Sb2 S10,1
Tl1 Hg6 S4 Br5,1
Rb3 Sb1,1
Yb1 Ce2 Cu1 Se5,1
La3 Cu1 Ge1 Se7,1
Rb1 Y1 Te2 O6,1
Li1 I1 O3,1
Cs1 Cd4 Ga5 Se12,1
In0.5 Ga0.5 As0.5 P0.5,1
Cd6 P7,1
Hg1 S1,1
Cs5 Bi1 P4 Se12,1
Cd1 I1 Cl1 O3,1
Eu4 Te7,1
V3 As2 O9,1
Gd1 In3 S6,1
In0.8 Ga0.2 As0.2 P0.8,1
Li8 Ge1 N4,1
Na1 Nb1 Se2 O7,1
Eu1 V1 O4,1
Cs1 Rb1 P2 Se8,1
Na2 In2 Si1 S6,1
Na1 Sc1 Se2 O6,1
Ba6 Al4 B14 O33,1
Mg3 B50 C8,1
Ba1 Cd1 Sn1 S4,1
Zn0.75 Cd0.25 Se1,1
Rb3 Li4 B7 O14,1
In1 Ag1 Te2,1
Te1 As1,1
Pb2 O3,1
K10 Sn3 P8 Se24,1
Sm2 Zr1 Se5,1
Ba5 Ga2 Se8,1
Ce15 B8 N25,1
In0.1 Ga0.9 As0.1 P0.9,1
Zn3.5 Ga1 Sn0.5 O6,1
In5 Cu1 S8,1
Ba1 Ga2 Ge1 Se6,1
Al0.75 Ga0.25 As1,1
Cs2 Dy1 Cu3 Te4,1
Rb1.54 Cd1.54 Bi2.46 S6,1
Cd1 Cu2 Sn1 S4,1
V3 Pb2 Se5 O18,1
Li2 In2 Ge1 Se6,1
Fe2 Te3,1
In1 Ga1 Cu1 S3.5,1
K1 Ag2 Sb1 S3,1
Tl2 Hg3 Se4,1
La2 Yb1 Cu1 Se5,1
In2 S3,1
Cd0.5 In2.2 Ag0.4 Te4,1
Cs2 Hg3 S4,1
Bi1 Se1 I1,1
Mg1 Se1,1
In4 S5,1
Gd2 Mn4 S7,1
Yb1 W1 Cl1 O4,1
Ba3 Ta5 N1 O14,1
Sr2 Sm1 Ta1 O6,1
Cs1 Yb1 Zn1 Se3,1
Hf1 Hg4 As2 Cl6,1
K1 Ba1 Sb1 Se3,1
Rb1 Mn4 In5 Se12,1
Mn1 Se1,1
In1.85 Cu0.15 Se2.85,1
K1 U1 Cl1 O3,1
Cs1 Tb9 Cd4 Se18,1
Cd3 Te2 Mo1 O10,1
Ge0.3 Pb0.7 Se1,1
Cs1 In1 Ge1 S4,1
Bi1 Te1 I1,1
Cs2 Cu2 Sb2 S5,1
P2 H2 Pb2 O6,1
Na7.36 Ga7.24 Sn4.78 Se24,1
Ce1 N1,1
K1 Y1 Te2 O6,1
Rb4 Ti3 S14,1
Ba1 Ga2 S4,1
Cs1 Cd4 In5 Se12,1
Ba1 Zn1 Si1 Se4,1
Pr4 Te7,1
Te1 O2,1
K1 V2 I3 O13,1
Ca1 Mg2 N2,1
Tb0.52 Pr2.48 Ga1.67 S7,1
Zn3 In2 S6,1
La2.1 Bi5.9 Pb2 S14,1
Tl1 As1 Se2,1
Sb1 Pb1 I1 O2,1
Ba8 Ga10 Si36,1
Sn0.17 Te1 Pb0.83,1
K1 Nb3 Se2 O12,1
Tl3 As1 Se3,1
Ce1 Mn0.5 Se1 O1,1
Th1 S1 O1,1
Nb2 Tl4 S11,1
In1 Hg4 As2.5 Br3.5,1
Li4.5 Fe0.5 Te1 O6,1
Fe1 Bi25 O39,1
Cd1 O1,1
Bi2 Te0.1 Se2.9,1
B1 Sb1 Pb1 S4,1
Zn1 Ga2 Se4,1
Cu1 Bi1 P2 Se6,1
B3 Pb10 Br3 O13,1
Ag1 Bi1 P2 S6,1
Sr1 Th1 P2 S8,1
U1 O2,1
Dy1 B6,1
K1.25 Bi7.25 Pb3.5 Se15,1
K2 Cd2 Te3,1
Gd4 Ga1 Sb1 S9,1
Nd1 Cu1 Te1 O1,1
Te2 Os1,1
Bi1 B1 Pb1 O4,1
Rb2 Sn2 Hg3 S8,1
Li1 Ta3 Bi4 O12,1
Ba1 Ga2 Si1 S6,1
Rb1 Ag2 Te1 S6,1
Ba3 P3 Cl1 O10,1
Sm2 Mn3 Sb4 S12,1
Cd1 Se0.65 S0.35,1
Co1 As3,1
Rb1 P1 Se6,1
Er1 Cu3 Te3,1
K1 Ta1 O3,1
Cd0.1 In0.9 Te0.1 As0.9,1
Cs1 Zn4 In5 Se12,1
Rb1 F1,1
Cs1 Bi3 Se5,1
Dy1 Cu3 Se3,1
Bi12 P1 O20,1
Cd1 In1 Cu1 Se3,1
Sb1 Ru1 Se1,1
Co2 Te3 O8,1
Sr1 Li4 B2 O6,1
K4 Ge1 Se4,1
Cd1 Cl2,1
Na4 Mg1 Ge2 Se6,1
Ba3 B1 Sb1 Se6,1
Eu1 Lu2 Se4,1
Na4 Mg1 Si2 Se6,1
Ca1 Se1,1
Cs1 Ce1 Hg1 Se3,1
Ga2 Ge1 Pb1 Se6,1
Cd0.04 In0.96 Te0.04 As0.96,1
Cs1 Cu2 As1 S3,1
Sr1 La2 S4,1
Cd0.2 Ga0.8 Sb0.8 Te0.2,1
Eu1 Sb2 S4,1
Ba1 Ga4 Se7,1
K1 Rb1 Bi8 Se13,1
Al0.6 In0.4 P1,1
K8 Ga8 Si38,1
Fe1 Cu1 Se2,1
La3 Te4,1
Rh2 S3,1
Ga1.01 Sb0.99 Te0.03,1
In0.4 Ga0.6 As0.6 P0.4,1
Si0.9 Ge0.1,1
Y2 S3,1
Ba3 Ta2 Zn1 O9,1
Cu1 B1 S2,1
Ta2 O5,1
Sn0.25 Pb0.75 Se1,1
Zn1 Cu2 Ge1 S4,1
In1.8 Cu0.2 Se2.8,1
Rb1 Zr1 P1 Se6,1
Zn3 P2,1
Nd1 Te2,1
Ge1 Pb2 Se4 O12,1
Cs1 Sm1 Zn1 Se3,1
Sb3 I1 O4,1
Ba1 Na1 B5 O9,1
Bi2 Se1 I2 O11,1
Dy3 Al0.5 Si1 S7,1
Tl1 Cr5 Se4 S4,1
Nd2 Zr1 S5,1
Mn1 Te1,1
Li1 In1 Se2,1
Ga1.005 Sb0.995 Te0.015,1
Ba3 In1 S4 Cl1,1
Bi5 I1 O7,1
Zn0.99 Cd0.01 Se1,1
Na1 In3 S5,1
Ti1 C0.9,1
K1 B5 Pb1 O9,1
In2 Te1,1
In1.6 Cu0.4 Se2.6,1
Ba1 S1,1
In4 Cu2 Te7,1
K2 Sn1 Au2 S4,1
K3 Na1 Sn3 Se8,1
Rb2 Nb1 Cu1 S4,1
Ag1 O1,1
Rb2 Ti1 Cu2 S4,1
Ba3 Sn0.87 Bi2.13 Se8,1
K2 In3 Cu1 Se6,1
K1 Cd4 Ga5 Se12,1
Eu1 Ga2 Te4,1
Sc1 N1,1
Ba3 Gd2 P4 S16,1
Cs1 K2 Sb1,1
Co1 As1 Se1,1
Sm4 Ga1 Sb1 S9,1
Zn1 Hg3 S2 Cl4,1
Be1 O1,1
Ga1.05 Sb0.95 Se0.15,1
Na3 W1 Cl1 O4,1
Al0.99 In0.01 P1,1
Ba4 Ga5 Cu1 Se12,1
Cs1 Cd4 Ga5 Te12,1
In1 As1 I1,1
Sc1 Cu3 Se3,1
Sc1 Hg1,1
Sb6 Pb4 Se13,1
Cs6.4 Na1.6 Ga8 Ge38,1
Na1 Yb1 P2 S6,1
Rb3 Na1 Mo2 O8,1
Be1 S1,1
Ag7 As1 S6,1
Cd0.75 In2.1 Ag0.2 Te4,1
Nd1 Cu1 S1 O1,1
Zn1 B12 H10 O24,1
Cs2 Hg6 S7,1
Ca1 B6,1
In5 Ag1 S8,1
K4 Te4 P8,1
Hg2 Te2 Br2,1
Sc1 Ni1 Sb1,1
Na2 Te1,1
In4 As5 Br3 O12,1
Ta1 N1,1
Na2 Mo2 Se2 O11,1
K4 Ag9 Sb4 S12,1
K2 Gd2 Sb2 Se9,1
Sb1 Te1 Ru1,1
Zn1 Si1 As2,1
Dy3 Ga1 S6,1
La2 Ga0.33 Sb1 S5,1
U1 O1,1
Sm1 S1,1
In1 Sn1 As1 Se1,1
Cs4 Zr3 S14,1
Ba7 Ga5 Ag1 S15,1
Ca1 Nd2 S4,1
Na1 In3 Se5,1
P1 Se1,1
Sc1 Tl1 Se2,1
Tl2 O3,1
Sr1 Pb3 Br8,1
Fe1 Cu1 S2,1
Mn1 Sb2 Se4,1
K2 Te1 I6,1
Cs1 Zr1 P1 Se6,1
Eu3 Bi4 S9,1
Al0.99 Ga0.01 P1,1
Rb1 Ba2 P5 O15,1
Li1 Mg1 Bi1,1
Ga1 Bi25 O39,1
Ba12 In4 S19,1
Ga1.9 Cu0.1 S2.9,1
Bi7 O5 F11,1
Sr4 Te3 Cl4 O8,1
Ba1 In2 S4,1
Sr1 Ge2,1
Cd4 P2 Cl3,1
Cd0.02 In0.98 Te0.02 As0.98,1
Na2 Ga2 Ge1 S6,1
Al0.5 Ga0.5 As1,1
Sc1 Cu1 O2,1
Gd2 O3,1
Ga1 As0.01 P0.99,1
Ir1 S2,1
In0.4 Ga0.6 P1,1
Eu1.83 Ta15 O32,1
Ba3 Sb2 S7,1
As1 P1 Ru1,1
K1 Ag2 As1 S3,1
Pr1 B1 N2,1
Sr3 Se3 Cl1 O8,1
Li1 Br1,1
Al0.05 Cd0.95 Sb0.05 Te0.95,1
Cs2 Ga2 Se5,1
Ge0.1 Pb0.9 Se1,1
Cu2 Te3 O8,1
Eu1 Sn1 Te2,1
Ba2 Dy1 In1 Te5,1
Cs1 Sm1 Hg1 Se3,1
Eu1 B1 Sb2 O8,1
K4 Hf3 Se14,1
Na1 Ce1 S3,1
La1 Ta1 N2 O1,1
Cs4 Ta4 P4 Se24,1
Eu1 Er2 Se4,1
Ba1 Ge2,1
Cr1 Bi2 I2 O11,1
Zn0.15 Ga0.85 As0.85 Se0.15,1
Li1 In1 Sn1 S4,1
Eu1 Ga2 Se4,1
Na2 Zn1 Ge2 Se6,1
Pr2 Te4 O11,1
Co1 P3,1
Rb1 Cu2 Sb1 S3,1
Tl2 Hg3 Te4,1
Er2 Te3,1
Ga1 Si1 Ag1 Se4,1
Rb8 Ga8 Si38,1
Li2 In2 Ge1 S6,1
Sn1 Br2,1
Bi8 Te7 S5,1
Ga2 Si1 Pb1 Se6,1
Li2 Zn1 Ge1,1
Rb1 Na2 Sb1,1
K2 Hg3 Se1.31 S2.69,1
Al0.7 In0.3 P1,1
Mn1 Te9,1
Li1 Cl1,1
In2 Cu1 S3.5,1
Ga0.07 Te1 Pb0.93,1
Cu1 Hg1 Se2 O6,1
Ca1 Bi2 O4,1
Dy1 Te1.4,1
Rb3 Zn1 B5 O10,1
Li0.5 Ge1 Pb1.75 S4,1
Gd1 Mn1.95 In1.05 S5,1
Si0.03 Ge0.97,1
Cs2 Mg1 Ge3 Se8,1
Cd0.28 Hg0.72 Te1,1
Ge0.02 Te0.98 Pb0.98 S0.02,1
Cs1 Ho9 Cd4 Se18,1
Ba1 La2 Te5 O14,1
Rb1 Sb1 Se2,1
V1 O1,1
Ga2 Si1 Ag2 S6,1
Rb1 Cu2 As1 S3,1
La5 Cu6.33 S7 O4,1
Co1 As1 S1,1
Ba3 La3 Cu6 O14,1
Zn4 Sb3,1
In1.99 Cu0.01 Se2.99,1
K2 Sn2 Au2 S6,1
Ba7 Sn5 S15,1
Na1 La2 Ta1 O6,1
Cs3 Sb2 Br9,1
Ca3 N2,1
Sm1 Cu3 Te3,1
K1 Ce1 Se4,1
Ba1 Al4 Se7,1
Na1 Cd1 As1 S3,1
Zn0.55 Hg0.45 Se1,1
Li2 Cd1 Sn1 S4,1
Rb2 Cd3 Se4,1
Sm1 Se1,1
In0.8 Ga0.2 As0.8 P0.2,1
Cs3 Li4 B7 O14,1
Rb2 Cd3 S4,1
Sc1 Cd1,1
Na1 Sm1 P2 S6,1
Gd2 Te3,1
K1 Sb1,1
Ca1 Zn1 S1 O1,1
Ba1 Au1 I5 O15,1
Mg2 Co1,1
Ga1 Ag1 O2,1
Ge0.15 Te1 Pb0.85,1
Ge0.05 Pb0.95 Se0.95 S0.05,1
V2 Bi4 O11,1
In2 Hg1 S4,1
Li4.5 Cr0.5 Te1 O6,1
Er1 In3 S6,1
Na2 B6 O9 F2,1
Sr5 V3 O12 F1,1
Cd1 Se0.35 S0.65,1
Sn1 Hg1 O3,1
Rb1 V1 Cu2 S4,1
B4 H2 Pb6 O13,1
La1 Zn1 As1 O1,1
P4 Ru1,1
Ca1 La2 S4,1
Zn4.5 Ga1 Sn0.5 O7,1
Ba2 Er1 Ga1 Se5,1
Te0.6 Se0.4,1
Cd12 Ge17 B8 O58,1
Ca2 Sc1 Sb1 O6,1
Cu1.8 S1,1
La1 Nb1 N2 O1,1
Rb1 In5 S6,1
Al1 Bi1,1
Rb2 V1 Ag1 S4,1
Sm3 Al0.33 Si1 S7,1
Na1 In1 Se2,1
La1 P1,1
Ti1 S2,1
Cs1 Lu7 S11,1
Fe1 P4,1
Cs1 Sb1 S2 O8,1
Sb1 Os1 Se1,1
Zn1 Tc1,1
Ba2 Zn1 Se3,1
Y1 Cu3 Se3,1
Ba2 Y1 Ga1 Se5,1
Ag1 S1 O4,1
Ce4 Te7,1
Ba1 B1 Sb1 S4,1
Li2 Fe1 Ge1 S4,1
Ce3 Lu1 Se6,1
Ga1.05 Sb0.95 Te0.15,1
Cs1 In1 Te2,1
Ga1.005 Sb0.995 Se0.015,1
Pr1 As1,1
Li4.5 Al0.5 Te1 O6,1
K2 Cd3 Se4,1
Sn0.28 Te0.28 Pb0.72 Se0.72,1
Ag1 Br1,1
Ba2 Ga8 Ge1 S16,1
Zn1 Ge1 N2,1
Ba3 Ho2 P4 S16,1
Hg5 As1 S2 I3,1
Cd3 Bi1 P3 O12,1
Eu1 H2,1
Ba1 Zn1 S1 O1,1
In1 Bi2 S4 Cl1,1
Te1 I1,1
Rb2 Pt1 I6 O18,1
Cs1.43 Cd1.43 Bi2.57 S6,1
In1 P2 Se4,1
Cs2 Ga2 S5,1
Sn0.25 Te1 Pb0.75,1
Pb3 Se2 Br2 O6,1
Ba4 Ga2 S8,1
In1.6 Ga0.4 Cu1 S3.5,1
K3 Nb2 As1 Se11,1
Li2 Cd1 Ge1 S4,1
Li2 Ga2 Ge1 S6,1
K1 Li1 C1 O3,1
Dy1 Cu3 Te3,1
Mo1 Se2,1
La1 In1 S2 O1,1
K2 Mn1 Sn2 Se6,1
Ga1.02 Sb0.98 Se0.06,1
Al0.3 Ga0.7 As1,1
Cd2 In1 Cu1 Te3,1
Tl2 Te1 Br6,1
Cu1 Ni1 C4 N4,1
Ba1 Ga2 Se4,1
Zn0.2 Ga0.8 Sb0.8 Te0.2,1
Eu1 Dy2 Se4,1
Tm4 Sb2 Se11.68,1
Rb1 Hg1 Sb1 Te3,1
P1 Os1 Se1,1
Te0.01 Pb1 Se0.99,1
Sn0.07 Pb0.93 Se1,1
Al2 S3,1
Ba1 V2 Se1 O8,1
La4 Fe1 Sb2 Se10,1
B6 P1,1
Ba5 Ga6 Ge1 P12,1
Er1 B6,1
Zn0.01 Ga0.99 Sb0.99 Te0.01,1
Tl1 Cr5 Se2 S6,1
Sc1 Ag1 P2 Se6,1
Yb1 As1,1
Eu1.75 Ag0.5 Ge1 S4,1
Ga1 As0.9 P0.1,1
Ba1 Na2 Sn1 Se4,1
Cs2 V1 Ag1 S4,1
B1 Pb6 Br1 O7,1
Eu1 In2 Ge4 Ir4,1
Ge0.15 Te0.15 Pb0.85 Se0.85,1
Pb3 O4,1
Ba8 Sn4 S15,1
Cs1 Cd1 In1 Se3,1
Sm2 Sn3 Se9,1
La1 Sb1,1
K6 Cd1 Te4,1
Ag2 Pd1 O2,1
Ba1 Ag1 Sb1 S3,1
Ga1 As0.3 P0.7,1
Ba3 Cd1 Sn2 S8,1
Sb1 As1,1
In1 Sb2 S4 Br1,1
Li0.33 Ag1 Sn0.67 O2,1
Li2 Mn1 Ge1 S4,1
Ga3 Si1 Ag3 Se8,1
K0.8 Sn2 Hg1.2 S8,1
Bi1.8 Sb0.2 Te3,1
Cs2 Sb1,1
Nd10 Se14 O1,1
K1 Cu2 Sb1 S3,1
Li6 Ga2 Te8 O22,1
In1 Hg7 S6 Cl5,1
Na2 Gd1 P2 O8,1
Ba3 V2 Se4 O16,1
V1 Cu3 S4,1
As2 Rh1,1
Ca3 Bi1 P3 O12,1
Be1 Se1,1
Ba1 Sn2 S5,1
Ge0.03 Pb0.97 Se0.97 S0.03,1
Sm1 B1 Sb2 O8,1
Ga1 Ge1 Te1,1
Yb1 Se1,1
Ba1 O1,1
C1 Br4,1
La2 O3,1
Cd1 Ag2 P2 S6,1
Zn0.99 Ga0.01 As0.01 Se0.99,1
K2 Cd3 S4,1
Pr1 Sb1,1
Sb1 Pb1 Br1 O2,1
Ba2 Nd1 In1 Se5,1
Cs1 Cd4 Ga5 S12,1
Rb2 Hg1 P2 Se6,1
Ag1 Bi1 P2 Se6,1
Ba2 Dy1 Ga1 Se5,1
Mg1 F2,1
Zn0.99 Ga0.01 P0.01 S0.99,1
Zn0.5 Ga0.5 P0.5 Se0.5,1
K1 Ba1 As1 Se3,1
Cs1 Sb1 Se2,1
Cd1 P2 S4,1
Bi1 Se1,1
Ni1 C2 N2,1
Ag1 Bi1 Pb1 Se3,1
As1 Os1 S1,1
Rb6 P3 S15,1
Er2 O3,1
Rh1 Se2,1
Nd3 Te4,1
Si0.3 Ge0.7,1
In1 Sn2 As2 Se1,1
Te0.4 Se0.6,1
Cd0.05 In0.95 Te0.05 As0.95,1
K6 Yb3 P5 S20,1
Ge1 P1,1
Nd2 Sn3 Se9,1
Sm1 Cu1 Se1 O1,1
Cs2 Cu1 P3 S9,1
Ba2 Ga1 As1 Se5,1
Zr1.33 Ta0.67 N1.63 O1.89,1
Cs1 Dy9 Cd4 Se18,1
In1 Sb0.9 As0.1,1
Nd1 As1,1
Cd2 In1 Ag1 Te3,1
Cd0.07 In0.93 Te0.07 As0.93,1
Cd0.99 Ga0.01 Sb0.01 Te0.99,1
Mg5 B3 O9 F1,1
K1 Al1 Ge1 S4,1
Cs1 Ce1 Cd1 Se3,1
Tc1 Se2,1
La1 Si2,1
Si0.94 Ge0.06,1
Cd0.4 Hg0.6 Se1,1
Ba1 La2 In2 Se7,1
Zn0.25 Ga0.75 P0.75 Se0.25,1
La2 Zr1 S5,1
Bi2 Te2.97 Se0.03,1
Ba2 Th1 Cu2 Se5,1
Ba1 Re1 H9,1
Hg3 Bi2 Te2 Cl8,1
Zr0.67 Ta1.33 N3.03 O0.12,1
Ge0.2 Te1 Pb0.8,1
Bi1 Te1 N1 O6,1
Mn1 Si1,1
K2 Pd1 Se10,1
Cs1 Cu1 Sb2 S4,1
Li6 Fe2 Te8 O22,1
Cs1 Ag2 Te1 S6,1
K1 V4 Ag11 O16,1
Ce2 Se3,1
Ga1 As0.7 P0.3,1
Li3 P1 S4,1
Sr1 Nd2 S4,1
Cd0.204 Hg0.796 Te1,1
Ba2 Gd1 Ga1 Se5,1
Tl1 Cr5 Se5 S3,1
Ge0.3 Te1 Pb0.7,1
Cd1 I2,1
Li3 Bi1,1
Eu1 In2 S4,1
Rb3 Sb2 Br9,1
Sn1 O2,1
La1 Se0.14 S1.86,1
Dy4 Te3 S4,1
Ca2 Cd1 As2,1
Bi2 Te0.9 Se2.1,1
P2 Se3,1
Al0.2 Ga0.8 P1,1
Li2 In2 Si1 S6,1
Sn1 Cl2,1
Ba5 Ga4 Se10,1
In0.3 Ga0.7 P1,1
Rb2 Cu2 Sn2 Se6,1
Rh1 Se3,1
In1 Sb0.6 As0.4,1
Cd1 Br2,1
Cs1 Lu7 Se11,1
Cs3 P1 W3 O13,1
Lu2 O3,1
Rb1 Ag2 Sb1 S4,1
Cd4 Sb3,1
Li2 B6,1
K2 Zn1 Te2,1
B2 Mo1 Pb6 O12,1
Eu3 P2,1
Ba2 Zn0.2 B2 S5.2,1
Ga1 Ag1 Ge3 Se8,1
Al1 Cu1 S2,1
Ba3 Dy2 P4 S16,1
Zn2 In1 Cu1 Se4,1
Pd1 Se1,1
Te0.5 Se0.5,1
Bi1 Sb1 Te3,1
Pr2 Ge2 Se7,1
La2 V1 Co1 O6,1
Tl4 Cu1 Te1 O6,1
Sb5 I1 O7,1
Hg1 Br1 Cl1,1
Rb1 Ga1 Sn1 Se4,1
Na3 Mo1 O4 F1,1
Y1 Mo1 O4 F1,1
K1 Br1,1
Pr1 Te1.9,1
Hg3 Bi2 S2 Cl8,1
Tl1 Ga1 S2,1
Ba2 Sm1 In1 Te5,1
Sm1 B6,1
In0.01 Ga0.99 As1,1
Rb2 Sn3 Sb2 S10,1
Bi1 Br1 O1,1
Ba4 Ga2 Se8,1
Mg2 Ge1,1
Rb3 Al3 Ge7 Se20,1
Sr1 Ta1 N1 O2,1
Tl0.01 Te1 Pb0.99,1
Cs1 Mn4 In5 Te12,1
K3 Sm1 As2 S8,1
Eu1 Al2 O4,1
Cr2 O3,1
K3 Ga3 Ge7 Se20,1
Yb4 Sb2 S11.25,1
Ca2 Si1,1
B2 Pb14 Br6 O14,1
Dy1 Te1.45,1
Yb1 Sb1,1
Ga1.95 Cu0.05 Se2.95,1
Nd1.33 Lu0.67 S3,1
La1 In3 S6,1
Cs1 Ga1 Sn2 Se6,1
Cs1 K1 P2 Se8,1
Yb1 Ga2 S4,1
Sm1 Cu1 Se2,1
In1 Sb0.8 As0.2,1
Sn0.15 Te0.15 Pb0.85 Se0.85,1
Sr1 Cr1 O4,1
Dy2 S3,1
Bi4 Pd1 Se4 O12,1
Cd3 In2 Te4 S2,1
Ge0.2 Te0.2 Pb0.8 Se0.8,1
In1 Ag1.75 Sb5.75 Se11,1
K2 Dy2 Ti3 O10,1
Zr1 S2,1
Ge1 I2,1
Ir0.67 S2,1
Mn1 Pb2 O4,1
Sr1 Zn1 S1 O1,1
Si0.347 Ge0.653,1
Ta4 Cu2 O11,1
K4 Ge1 S4,1
Si0.4 Ge0.6,1
Li4 Hg1 Ge2 S7,1
Si1 B3,1
Li1 Mg1 N1,1
Rb1 Cu1 Sb2 S4,1
In2 Hg6 P6 Cl9,1
Sn3 W1 O6,1
Cd1 Sn1 O3,1
Sn0.2 Te0.2 Pb0.8 Se0.8,1
Cs1 Zn2 B3 O7,1
Cd0.1 Ga0.9 Sb0.9 Te0.1,1
H7 Se2 N1 O6,1
K1 P1 Se6,1
Al0.15 Ga0.85 As1,1
Zn0.95 Ga0.05 P0.05 Se0.95,1
K1 Fe1 Cu1 Te2,1
As1 Br3,1
In0.3 Ga0.7 As1,1
Re1 S2,1
Cd1 Sb4 Mo1 O10,1
Ga1.002 Sb0.998 Se0.006,1
As2 O3,1
Ba1 Na2 Ge1 S4,1
Ba2 Dy1 Ga1 Te5,1
Na1 B15,1
Ag1 Bi1 S2,1
Ga2 Sn1 Ge1 S6,1
Ni1 Te1,1
Yb1 Pr2 Cu1 S5,1
K1 In1 Sn1 S4,1
La2 Mn1 Se2 O2,1
Er3 Te4,1
Rb1 Tb1 Se2,1
Na2 Ge2 Se5,1
Cr1 Pb1 O4,1
Ag0.5 Ge1 Pb1.75 S4,1
Cs1 Er9 Cd4 Se18,1
Ta1 Cu3 S4,1
Cd3 Ag1 P1 S6,1
Y1 Cu3 Te3,1
Bi2 Te2.7 Se0.3,1
K2 Hg1 P2 Se6,1
Pr1 Tl2 In1 Se4,1
Gd2 Zr1 S5,1
Pr2 S3,1
K6 Cd4 Sn3 Se13,1
Ge0.25 Te1 Pb0.75,1
Be1 Te1,1
Ga0.04 Te1 Pb0.96,1
Nd1 Lu1 Se3,1
Cu3 Bi6 S10 I1,1
Li1 H3 Se2 O6,1
Ba1 La2 In2 S7,1
Cs2 Li3 B5 O10,1
Sc1 Tl1 S2,1
Zn0.75 Hg0.25 Se1,1
K2 Ge4 Se8,1
Dy2 Mo3 O12,1
Li2 Pt1 O3,1
Pb1 Se0.01 S0.99,1
Eu2 Sn1 Se5,1
Ba6 Sn6 Se13,1
As2 S6,1
Rb2 Cd1 I2 Br2,1
Ba2 In2 Se5,1
Cs3 Sb2 I9,1
Ag0.5 Ge1 Pb1.75 Se4,1
Sr2 V3 Se5 O18,1
Nd2 Hf1 S5,1
Nb6 V1 Sb3 O25,1
Sn2 Bi1 S1 I5,1
K10 Mn4 Sn4 S17,1
Ga1 Ag1 Ge1 S4,1
Ti1 Co1 Sb1,1
Pr1 Ta1 N2 O1,1
Sr2 Pr2 Pt1 O7.07,1
Cs4 In8 Ge1 Se16,1
Tl6 Cu1 Te2 O10,1
In1 P1 S4,1
Ba1 Cu1 Te1 F1,1
Si0.8 Ge0.2,1
Ba5 In4 Te4 S7,1
Cs1 Mn4 In5 Se12,1
Li1 Sb1 S2,1
Be3 N2,1
Cs39 Ga53 Se96 Cl6,1
Be3 Sb2,1
Y1 Cu1 O2,1
Tl1 Cr5 Se1 S7,1
V1 Ga1 Te2 O8,1
Zn0.65 Hg0.35 Se1,1
Ge0.05 Pb0.95 Se1,1
Na1 F1,1
V1 Te1 H1 O5,1
Cs1 Mn4 Ga5 Te12,1
Yb2 O3,1
Ba2 Ce1 In1 Te5,1
In0.2 Ga0.8 As0.2 P0.8,1
Cu1 Sb1 Pb1 S3,1
Ba2 Cd1 B6 O12,1
Y2 O3,1
V1 Ag2 I3 O11,1
Li1 Sb1 Se2,1
Cs2 Zn1 Sn3 Se8,1
Eu2 Ga2 Ge1 S7,1
Tl1 Hg6 Se4 Br5,1
Sr2 La2 Pt1 O7.13,1
K1 Cu3 S2,1
Cd1 Cu1 Se2 O6,1
Ag1 P15,1
Sm1 Sb1,1
As2 Ir1,1
Te0.5 Pb1 Se0.5,1
K1 Sc1 Se2 O6,1
Pr4 In1 Sb1 Se9,1
Al0.4 Cd0.6 Sb0.4 Te0.6,1
Ta11 Cu2 O30,1
La10 Se14 O1,1
K2 La2 Sb2 S9,1
Ag1 Pd1 I3 O9,1
Bi2 Mo3 O12,1
Te0.8 Se0.2,1
Al0.8 Ga0.2 P1,1
In1 Sb0.2 As0.8,1
Mn1 Al3,1
Eu1 Tm2 Se4,1
Ba1 Te1 Mo2 O9,1
Mg3 N2,1
Ba2 In1 Sb1 Se5,1
Ti1 Tl1 Se2,1
Ca3 La2 Sn3 S12,1
Cs2 Pt1 I6 O18,1
Eu1 Cu2 Sn1 S4,1
Ba1 Na2 Ge1 Se4,1
Sr3 Ge1 Sb2 Se8,1
K2 Ho4 Cu4 S9,1
La2 Ti1 Co1 O6,1
Al0.2 In0.8 P1,1
Zn1 Cu2 Sn1 Se4,1
Zn0.9 Ga0.1 P0.1 Se0.9,1
Li1 Nb3 Bi4 O12,1
K3 Ga3 Ge7 S20,1
K2 Sn2 Au2 Se6,1
Tc1 S2,1
Sn1 O1,1
Ga1 Sb0.25 As0.75,1
Ba1 Ge4 Ir2 Se6,1
K1 In1 Te2 O6,1
Zn1 Sn1 O3,1
Ca5 Bi14 O26,1
Ga1.001 Sb0.999 Te0.003,1
Gd6 Ge2.5 S14,1
K1 Zr1 P1 Se6,1
Ba5 Cd1 Ga6 Se15,1
Bi0.6 Sb1.4 Te3,1
Ag1 C1 N1 O1,0
Al13 Ru4,0
Si1 Te2 Os1,0
Ho1 Mg2,0
U1 Al4,0
Sm1 Co1 C2,0
Ag9 Pb4 O12,0
Na1 Zr2 Ti1 F11,0
Sc1 Rh1,0
Ho1 Si2 Pt2,0
Li3 V1 O1 F5,0
Ti2 Zn1 S4,0
K1 V6 O11,0
Er1 Mg2,0
Cs1 As2 Ru2,0
In2 Pt1,0
Rh3 Pb1,0
Ba3 Cr1 S5,0
Si2 Sb1 O6,0
Re1 Bi1 O3,0
Mg1 Sc1,0
Cu10 Sb3,0
Ce2 Ti2 O7,0
Sr8 Fe3 N8,0
Re3 P4,0
Ti1 P1 O4,0
Sr1 Cd1,0
Nb1 Os1 Pb1,0
Zr1 Ge1 Ru1,0
Y2 Ru2 O7,0
La2 Rh7,0
Hf4 Al3,0
Dy2 Tl1 Cd1,0
Sr1 Ni5 As3,0
Cr2 Sb1 Te1,0
Dy1 Ni1 Sn1,0
Zn2 Sn1 N2,0
Ti1 Al1 Au2,0
Dy5 Sn3,0
Yb2 Mg1 S4,0
Mg2 Rh1 Au1,0
Ce1 Si2 Pt1,0
Nd1 Au3,0
Li3 Mo2 P5 O18,0
Tl16 O15 F17,0
Dy1 Si2 Cu2,0
Ga5 Pd13,0
Ce1 Tl3,0
Ni3 S4,0
Sr2 Mg1 Re1 O6,0
Na1 Lu1 Pd6 O8,0
Na2 Tl1,0
Tc3 Pd1,0
Ce3 Ta1 Cl3 O6,0
Ba1 Al1 Cu4 O7,0
Cr1 Si1 Cu2,0
Nd4 Mg1 Ru1,0
Hf5 Cu1 Pb3,0
Lu2 Mn12 P7,0
Dy1 Bi1 Pt1,0
Cr1 Ni1 As1,0
Zr1 Mo3,0
Cu4 Pd1,0
Li2 Ga1,0
La3 B2 N4,0
Mg9 Cu1 O10,0
Au3 S1,0
Rb1 Cd13,0
Ba2 Tb1 Ir1 O6,0
Cu9 O13,0
Ni2 P1 O5,0
Sr1 V13 O18,0
Na1 Ni2 O3,0
Th2 Cr1 N3,0
Sc5 Bi3,0
Hf3 P3 Pd4,0
Mg17 Al11 Pd1,0
Eu1 Zn1,0
Re1 Ru1 Os1,0
Y2 Ge5 Ir3,0
Zr3 Ir1,0
Li4 Cu1 P2 O8,0
Sm2 Fe17,0
Ni2 Mo3 N1,0
Li5 Fe2 Ni3 O10,0
Na1 Si2 Pd3,0
Y3 Ge4,0
Mg2 Ag1 Ir1,0
Th1 Al1,0
Nd1 In1 Au1,0
Sc2 Ga1 Ir1,0
Gd1 In1 Ir1,0
Ge1 Pt2,0
Li1 Ga1 Ag2,0
Yb1 H3 O3,0
Th1 P1 Se1,0
Sm1 Ag1,0
Cr10 Sb3 Te7,0
Zr1 Al5 Ni2,0
Zr1 Pd3,0
Te2 Au1,0
Sm6 Br13,0
Ba5 Ge3,0
La2 Si5 Rh3,0
Nd2 Ir1 Pd1,0
Ag7 N1 O11,0
V6 Pb1 O11,0
Nd3 Ge5,0
Re1 Ir3,0
Zr1 Ni1 Sn1,0
Mg1 As4 Rh6,0
Ce1 Sb1 O3,0
Nd1 Co2 Si2,0
Nd5 Ge4,0
Rb3 Mn1,0
Ba5 Al2 Ge7,0
Li1 Th1 Au2,0
Sn5 B2 Rh6,0
Tl2 Cd1 Te4,0
Cs1 Eu1 F3,0
Yb1 Nd3,0
Li1 V3 O4,0
Ag3 Ru1 O4,0
Li1 Al1 Rh2,0
La1 Al4,0
Pr1 Mo3,0
K1 Os2 O6,0
Rb5 Tl3 O1,0
Y1 Cu3 W4 O12,0
La5 Sm1 S8,0
Eu2 Ga9 Rh3,0
U1 Si2 Ni2,0
Rb1 Mn1 Te2,0
Mn1 Sb1 Pd1,0
Ti13 S24,0
Sm2 Cu1 As3 O1,0
Fe1 Pd2 Se2,0
Si1 Bi3 O7,0
Al2 Cu3 Se6,0
Sm2 Pd2 Pb1,0
Ca1 Zn3,0
U2 Al1 Co3,0
Li1 Sn4 Ir1,0
Pm1 Sn1 Rh2,0
Hf1 Si1 Pt1,0
Sc1 Si3 Ni1,0
Y1 Hg2,0
Ag9 Ge2 I1 O8,0
U2 Al3 C4,0
Li2 Ni2 Sb1 O6,0
Th2 In1,0
Ti2 Ni1 H1,0
Te2 Mo1 W1 S2,0
Sr1 Al1,0
Ca3 Sn2 S7,0
V1 Cu3 P4 O16,0
Rb1 U2 Sb1 S8,0
Y1 Mg1 Ga1,0
Ni3 Ge1,0
Ca6 Cu2 Sn7,0
Co3 W1,0
Yb1 Ag1 Ge1,0
Y1 Si2 Ru2,0
La1 In1,0
Re3 F1,0
Nd1 Ag1 Pb1,0
Sr2 Zn1 Re1 O6,0
Mn3 Cr3 Te2 O16,0
Sc3 Re2 Si4,0
Gd1 Ni2 Ge2,0
Ca1 V1 O2,0
I1 Cl2,0
Ba3 Te1,0
Nd1 Si2 Ir2,0
Mn1 Tc1 Os1,0
B5 Mo2,0
Zn3 Cu1,0
Yb3 Ti3 O14,0
Li2 Mn1 O2 F1,0
Nd3 Ni13 B2,0
In1 Pt1,0
Cu1 Se1 O3,0
Ca1 Ti1 O2,0
Na1 Li3,0
V1 Tc1,0
Li1 Y1 Cu2 P2,0
Li1 Mn1 P2 O7,0
U5 Ge3,0
Y1 Zn5,0
Li4 Fe1 Ni3 O8,0
Nd1 Mn1 Sb1 O1,0
Ti1 Fe2 Sb1,0
Eu1 Mg2 Bi2,0
K1 Cu1 P1 O4,0
Pr1 Lu1 In2,0
Rb2 Fe1 I4,0
Ba3 Zr1 Ru2 O9,0
Gd3 Al2 Ni6,0
La1 Al12 O19,0
Fe1 Pd3,0
Na2 Ti2 Sb2 O1,0
Li1 Ca2 Mg1,0
Ti1 Fe1 H2,0
Ba1 Mn1 O3,0
Y1 Dy1 Ag2,0
Re1 Sn3,0
Cu25 Se26,0
Ag2 B1 Br1,0
Ho1 Cu4 Pd1,0
Cs1 Ir1 O3,0
Cs2 Mo15 S19,0
Zr2 Cu1 S4,0
Mn5 Ge2,0
K1 Tm1,0
Fe2 O2 F3,0
La2 Ni5 B4,0
La1 In2 Ir1,0
Cs5 Mo21 Se23,0
Ti4 Zn1 O8,0
Yb5 Au4,0
Tl5 Te3,0
K2 Mn3 S4,0
Sb2 Te1,0
Zn1 Sb3,0
Ga1 Fe1 Ni2,0
Ho3 Hg1,0
Er1 Cu2 Ge2,0
Ce1 B1 C1,0
V12 P7,0
Li1 Mn1 O2,0
Dy12 Co7,0
Sc5 Pb3,0
Li1 Cu2 Ge1,0
Cu3 Se2 Cl2 O6,0
Sm1 Ho1 Zn2,0
Li1 Cu3 O3,0
Ba1 As2 Pd2,0
Pm2 Pt1 Au1,0
Ce1 In1 Ir1,0
Dy2 Cu1 Os1,0
Y2 C3,0
Na1 Zr1 Cu1 Te3,0
Ho1 Mg1 Au2,0
La2 B4 Rh5,0
Cu1 C1 N2,0
La4 In5 S13,0
Y1 B2 C1,0
P1 W5 O17,0
Rb1 C8,0
Y1 Er1 Rh2,0
Mn1 P2,0
B1 Se2 Cl1,0
La1 V1,0
Fe1 Sn1,0
Nb3 Te1,0
Lu7 Ni2 Te2,0
Mg1 Sb1 F6,0
Li2 Ni3 O6,0
Cr1 Ni1 P2 O9,0
Ho1 Ge1,0
Ag1 Au2 S2,0
Th1 Ru3 C1,0
Sn5 B2 Ir6,0
Na2 V1 Cu1 F7,0
Na1 Ti5 Se8,0
Yb3 Tc1,0
Cr2 Ge1 C1,0
Ho1 Ti1 Ge1,0
Ca3 Au4,0
Zn1 Ir1 O3,0
Ho1 Cd1 Cu4,0
Mg1 In1 Ag2,0
Cu23 Sb8 S26,0
Lu2 Tl1 Cd1,0
Ti2 Tc1 Pd1,0
Na2 S1 O4,0
Al6 Ru1,0
Dy1 Ir2,0
Nb3 Bi1,0
Mn3 Al10,0
Sc1 Cu2,0
Yb1 Ga8 Co2,0
Yb1 Si2 Ag2,0
Ca1 Ti4 O8,0
Na5 Cu7 O13,0
Tb1 Fe4 P12,0
Nd1 Sb1,0
Sm4 U4 O17,0
Ba3 Ca1 Ru2 O9,0
Li1 Sn1 Au1,0
Dy1 Zn1 Rh2,0
Co1 As1 Rh1,0
Sm2 Ag1 Ru1,0
Mn1 Cu2 Sn1,0
K3 U1 F3,0
Sm2 Al1 Cd1,0
Na2 Cr7 O14,0
Tl1 Sn1,0
Lu1 C2,0
Tl1 Co1 Bi1,0
U1 Al3,0
Er2 Ga9 Co3,0
Nb3 Ru1,0
Fe1 P1,0
La2 Pr2 O7,0
V2 Tc1 Ru1,0
Nd1 Re4 Si2,0
Ca1 Ag2 Ge2,0
Hf1 Co2 Si2,0
La1 Si2 Ru1,0
Rb3 Sm1,0
Si2 Ni6 B1,0
Li1 Tl1 Pd2,0
Ga2 Ni1 S4,0
Cs1 Ti1 Cl3,0
Zr1 Ni4 P2,0
Fe1 Ag3 C6 N6,0
Bi2 O5,0
Fe1 As2 O7,0
Ce2 Si1 Se1 O4,0
Pr1 Fe1 Ge2,0
Li1 Ti1 Si1 O4,0
Tb1 Pt1,0
Tm2 In1,0
Yb1 Rh2,0
Sm3 Al1,0
Tm1 Au1,0
Sc2 Al3 Ru1,0
U3 Se4,0
Ce5 Si3,0
Li1 Pm2 Ga1,0
Sm1 B1 Pd3,0
Mg5 Ti13 O30,0
Zr1 Si1 Te1,0
Ho1 Ni1 Ge1,0
Lu1 Si1 Ir1,0
K1 Ru1 O4,0
K1 Ag1 F3,0
Al9 Ir2,0
Zr1 Rh1,0
Sm1 Cr1 Ge3,0
Ba2 Li1 Fe2 N3,0
Hf3 Ni4 Ge4,0
Na3 In2 Au1,0
La2 In1,0
P2 H12 N7 Cl1,0
Nd3 Ge2 Ru2,0
Ho4 Ga16 Co3,0
Ta22 Cu3 S36,0
Ti3 P1 O7,0
Te3 Mo1 W1 S1,0
Ta1 F3,0
Yb1 Sn2 Pd1,0
Li1 Lu2 Ru1,0
Nb4 Co2 Pd1 Se12,0
Mg3 Mn2 Al18,0
Pr2 Ir2 O7,0
Li8 Pr1 O6,0
Dy1 In1 Au1,0
Sr1 Yb2 S4,0
Sc4 Ge6 Rh7,0
Na2 In5 Au6,0
Ce1 Co2 As2,0
Eu1 P1 Pt1,0
Co5 Ge7,0
Ho1 Mn6 Sn6,0
Li17 Ti20 O40,0
Y1 Si1 Ru1,0
Sm1 Au3,0
Si1 Hg3,0
Cd1 Pt1,0
Ho1 Bi2 O6,0
Pm1 Cd1 Pd2,0
Tm2 Zn1 Ga1,0
Al2 Co1 Ir1,0
Mg1 Co2 P2 O10,0
Sn3 P3 O13,0
Sc1 Ti9 N9,0
Ba1 Zn5,0
Ge5 Te8 As2,0
Hf3 Sb1,0
Hf2 Al3 C4,0
Ba1 B2 Rh2,0
Zn3 N2,0
Ba2 Ce2 O5,0
Li1 Al2 Tc1,0
Zr2 In5 Ni1,0
Lu1 U1 O3,0
U2 Zn17,0
Ce1 Ag1 Sn1,0
Ho2 Cu1 Rh1,0
Ba2 Cu5 F14,0
Sr2 Cu1 Cl2 O2,0
Yb1 La1 Zn2,0
Zr1 Ni1 Ge1,0
Zr7 Sb4,0
Dy1 Ge2 Ru2,0
Mg2 Pd1 Au1,0
Ba1 Ni2 P4,0
Rb1 Na2 Ni1 O2,0
Ho1 Mg1 Zn2,0
Ba4 Si20 Au3,0
Hg1 Pt1,0
Hf2 S1,0
Cr1 As1,0
Mg1 Cu1 Sn1,0
Yb1 In4 Ni1,0
Sm2 Ir1 Pd1,0
Dy2 Sn5,0
Mg1 Fe4 O8,0
Li1 Lu2 Tc1,0
Th1 Si2 Ru2,0
U1 Se1 S1,0
Er2 C3,0
Pr3 Al4 Si6,0
Tm1 B1 Rh3,0
Li5 Mn3 Fe2 O10,0
Dy1 Sn3,0
Eu1 Sb1 O3,0
Tm3 Ge4 Pd4,0
Li3 Ni1 Sb4 O12,0
Dy1 Fe1 Si1,0
Ta3 P1,0
Ba4 Yb1 Cu3 O9,0
Nd1 Co2 Ge2,0
Lu2 Al3 Co1,0
Yb3 Al5 O12,0
Co1 Mo1 P2,0
Ce5 Cu1 Se8,0
Tb1 Co2 B2,0
Er1 Ru3,0
Al2 Ru1,0
Mn1 Cd1 O2,0
Rb3 Ga1,0
U3 Ni3 Sn4,0
Tb1 Al8 Fe4,0
Lu1 Cd1 Ag2,0
Cr7 C3,0
Be1 Pd3,0
Li1 Al1 B4,0
Lu1 B1 Pd3,0
Ca5 Ir1,0
Ho2 Au1,0
Th1 Pd3,0
Th6 Mg23,0
Ca3 Ga2 Pt2,0
Pr1 Ga1 Au2,0
Sm2 In1,0
Mo3 Pd2 N1,0
Y2 Al1 Zn1,0
Sm1 In2 Rh1,0
Na3 W4 O12,0
Al9 Rh2,0
P1 H2 N1 O2,0
Li6 Mn5 Fe1 O12,0
Co1 H2 S4 N4,0
Ba3 P1 N1,0
Zr5 Al3 C1,0
Li3 Mn3 W1 O8,0
Li1 Fe2 Si2 O8,0
Sc6 Te2 Os1,0
Na1 Bi3,0
Tm1 Cu2 S2,0
Ce2 Al2 Co15,0
La1 Si2 Ru2,0
Ag1 W6 Br14,0
Ba3 Co10 O17,0
Lu1 Sc1 Rh2,0
La1 B1 Pt3,0
Li5 Mn5 Sb2 O12,0
Be12 Pt1,0
La1 Zn1 Au2,0
Cs1 Sc1 Br3,0
Er1 Si1 Pd1,0
Sm1 Sn1 Pd1,0
Hg2 Rh1,0
Ba1 Eu2 Mn2 O7,0
Mg2 Ge1 B2 Rh5,0
K1 Hg11,0
Nd1 Sm1 Hg2,0
Pr1 In1 Au2,0
Li3 Co4 O8,0
Cd1 Rh1 F6,0
U1 Co2 Ge2,0
Tb3 Ge5,0
Yb2 Hg1 Pb1,0
Y1 Si2 Cu2,0
Li4 V1 F7,0
Mg1 In3,0
Ce1 Mg2 Ag1,0
K1 Nb2 Se1,0
Fe4 O7 F1,0
Eu1 Cu9 Sn4,0
La2 Cu1 O4,0
Ca1 Co4 S8,0
Mn1 Co1 Si1,0
Gd1 Ge1 Ru1,0
Al10 V1,0
Eu1 Pd1,0
Yb1 Mn2 As2,0
Ni23 B6,0
Gd2 Al1 Co2,0
U2 Cr30 P19,0
Yb1 I3 O9,0
Bi1 As2 Os1,0
Ba3 Yb4 O9,0
Zn1 Fe2 N2,0
Zr6 Ni1 Cl15,0
Er5 Si3,0
Hg2 Sb2 O7,0
Co5 Ru1 O8,0
Sc1 Ge2,0
Li3 Si3 Ag2,0
Dy4 Cd1 Rh1,0
Be1 Ga1 Rh2,0
Ba3 Na1 Ir1 O6,0
Sc1 Zn2,0
Mg3 Rh1,0
Sr3 Sn4 Ir4,0
Ti1 Mn2 Ge1,0
Sc6 Fe1 Sb2,0
Li1 Pm2 Al1,0
Hf2 Fe1,0
Cr3 Ni1 P6 O24,0
Pr1 Au1,0
Tm1 Mg1 Ag2,0
Ho5 Ge10 Rh4,0
Sr1 Ni2 P2 O8,0
Ta1 Al3,0
Ce1 B2 Ir3,0
Hf6 Pb1 O18,0
Li1 La2 Ir1 O6,0
Fe1 Co2 Si1,0
Ca2 Cd1 Pb1,0
Y1 Al1 Ge1,0
Zr1 Al1 Ru2,0
Yb1 B1 O3,0
In11 Cu9 Se20,0
Tm1 In3,0
U1 Ge1 Rh1,0
Mg1 Ti11 O20,0
Tb1 Ni4 P2,0
Tm1 Au2,0
Yb1 Si2 Ni1,0
Ho1 Sb2,0
Al1 Fe2 Si1,0
Li3 Mn2 Cu1 O6,0
Li7 Mo12 S16,0
V5 Si1 B2,0
Th1 Ir5,0
Li2 Fe3 Ni1 O8,0
Tb2 Ti3 Ge4,0
Ti1 Co1 Sn1,0
Hf5 Te4,0
Y3 Ga1 Co3,0
Ge3 Sb1,0
Sm1 Sb2,0
Dy12 C6 I17,0
Ti2 Tc1 Ni1,0
Tb1 P1,0
Sr8 Mn3 N9,0
Li1 Zr2 Os1,0
Mg3 Al9 Fe1 Si5,0
Co3 H1,0
Tb3 Mn2 C6,0
U11 O5,0
Th1 Mn2 Ge2,0
Ta1 Ni1 B2,0
Tm1 B1 Pd3,0
Ti2 Cd1,0
Ba3 Al2 Ge2,0
Dy1 Zr1 Sb1,0
Ti11 O18,0
Tb2 Al1 Co2,0
Zn2 Sb3 O8,0
Y1 H2,0
Nb3 In1,0
Li2 Pr1 P2,0
La1 Al4 Co1,0
Ba3 N2,0
Sr1 Cu1 Bi1,0
Yb11 Ni60 C6,0
Na1 As1 O3,0
Li3 Cu4 Ni1 O8,0
Tb1 Sn1 Au1,0
U1 Sb1 Se1,0
Li1 Mn1 Si1 O4,0
Rb1 Ti1 Br3,0
Ti3 Fe3 O1,0
Te2 Pd3 Pb2,0
Li4 Fe3 Ni1 O8,0
Hf2 Mn1 Ir1,0
Zr1 W2,0
Ti3 Cu3 O1,0
La2 Sn5 Rh3,0
Mn2 Ga1 W1,0
Ca1 Zn5,0
Ag2 P2 Pb1 O7,0
Rb1 Hg3,0
Li23 Mn20 As20,0
U1 Fe5 Si3,0
Hf5 Sn4,0
Li3 Ni2 Ge3 O12,0
Fe6 O7 F5,0
Ho1 B2 Rh3,0
Li1 Sn1 P4 O12,0
Ti4 O5,0
Ni2 Mo4 N1,0
Pr1 In1,0
Y1 Ni4 B1,0
Li1 Zn1 Fe10 O16,0
Nb5 Ge3,0
Ba2 Re1 Ni1 O6,0
Sm1 Th3,0
Cr1 Ir1 O4,0
Cu1 Pd1,0
Y1 Mg4 Cu1,0
Ho3 Ge5,0
Hf1 Fe2,0
Lu1 Al2 Pd5,0
Na19 Zr11 S30,0
Li2 Cu1 F6,0
Sm4 Mg1 Rh1,0
Zn8 Ag5,0
Cu3 Bi4 I16,0
Tb1 In1 Ag2,0
W3 O7 F1,0
Yb1 Al3,0
Lu2 Cd1 Ag1,0
Ho1 Al1 Au2,0
La1 P3,0
La1 Sc1 Si1,0
U2 Re2 C3,0
Na5 Fe6 Si12 O36,0
Hg1 Ir1 O3,0
Tb1 Ni1 Ge2,0
V2 Sb1 P3 O12,0
Er1 Pb1 Au1,0
Hf2 Hg1,0
Ca3 Bi1 Sb1,0
Cs1 W1 Cl6,0
Ti1 Ga1 Ir2,0
Ho1 B4,0
Li1 Tm2 Ru1,0
Ti2 Co1 Ge1,0
Tm3 Ga1 C1,0
Nd4 O3 F7,0
Li1 Ca2 Ga1,0
La1 Fe4 As12,0
Ho3 Al1 C1,0
Ca1 B2 C2,0
Y1 Si2 Pt2,0
Sc2 Fe1 B2 Ir5,0
U3 Bi4,0
Eu1 Sn1 O3,0
Eu1 Mn2 Ge2,0
Eu1 Ni12 B6,0
Nd1 Er1 Tl2,0
Mn1 Cu3,0
Li1 Al1 Ge1,0
Zr1 H1 Cl1,0
Sr1 Ag1,0
Yb1 Al2 Ga2,0
Nb2 Sb1,0
Ba2 La1 Ir1 O6,0
Mg1 Sc1 Ag2,0
Fe10 O9 F11,0
Yb1 Al2 Ge2,0
Tm1 Sb1,0
Ti1 V4 Cu1 O12,0
Rb1 Tm1 O3,0
Ce8 U2 O21,0
Dy2 Zn1 In1,0
Zn1 Cr1 O2,0
Li2 Ti3 Fe1 O8,0
Sc3 B1 Pb1,0
Ta1 Co1 Sn2,0
Ti1 Tc2 Sb1,0
Li3 V12 O29,0
Nd2 Cd1 In1,0
Na8 P1 O3,0
Be1 Fe2 Si1,0
Cu1 P2 H2 O6,0
U2 Ti1,0
Dy1 Ag1 Hg2,0
Al4 Cu2 O7,0
Ce1 S1 I1,0
Ba1 Mn4 Zn1 O8,0
Ce2 Fe17,0
Ho1 Ti1 O3,0
Zr3 Al4 C6,0
Li7 Ni11 O22,0
Cr2 Hg1 Se4,0
Ho5 Si4,0
Ce1 Co4 B4,0
Li2 La1 Tl1,0
Tb1 Ni1 O3,0
Ga3 Pt2,0
Mn3 V2 Si3 O12,0
La1 Mg1 Fe2 O6,0
Yb1 Ge1 Rh1,0
Ca1 Cu5,0
Sm1 C10,0
Th1 Si2 Ru3,0
Zr3 Hg1,0
Ga9 Rh2,0
Ca1 In1 Au1,0
Nb3 Ir1 Se8,0
U1 Co1 Si1,0
Dy1 Bi1 Pd1,0
La1 In4 Au2,0
Li1 Al3,0
Eu1 Zn2 Ge2,0
V1 Ag1 P2 Se6,0
Y2 Fe2 Si2 C1,0
La3 Zr1 Sb5,0
Sr2 Ge1 N2,0
V1 Fe1 Ru2,0
U4 N7,0
Al6 Fe1,0
Cs2 Se1 Cl1 F6,0
Hf5 Si4,0
Mn1 Co4 O8,0
Li1 Mg2 Ag1,0
Ba3 Nb2 Co1 O9,0
Na2 Li1 Ta1,0
Ca1 Ni5,0
Yb23 Mg4 Cu7,0
Cd1 Ag1,0
Pr1 Ge1 Au1,0
K1 Nb2 O5,0
La1 Hg1,0
V3 Si1,0
Sc1 Al1 Ni2,0
Sm3 Zr1,0
Zn1 W1 O2,0
Zr2 H1 Br2,0
In1 Pt3 C1,0
Ba1 La2 Co1 S5,0
Sr1 Zn1 Sb2,0
Ta6 Ni16 Ge7,0
Ca5 Au2,0
Rb2 Na1 V1 F6,0
Hf54 Os17,0
Rb4 Si2 Cu1 O7,0
Ho1 Cd1,0
Cd2 Pb1 O4,0
Sr1 Sb1 Au1,0
Na3 Re1,0
Mg4 Sc3 Si8 O24,0
Li5 Co2 O2 F5,0
Sm1 Hg1 Pd1,0
Na1 Fe2 Si4 O12,0
Be1 Cu1,0
Pr1 Sm3,0
Yb1 Zn1 Au2,0
In1 Si1 Te3,0
Hg1 Pt3,0
Yb2 In1 Pd2,0
Li11 Mn13 O32,0
Y1 Sc1 O2,0
Sb2 Xe1 F14,0
Li1 Ni1 P2 O7,0
Al1 Sn1,0
Li3 C1,0
V1 P1,0
Zr1 Se1,0
Rb1 Pd1 F3,0
Dy1 In1 Cu2,0
Zr5 Sb3,0
La2 Pd1 O4,0
Zr1 In1 Rh2,0
Ti1 Al1,0
Li2 Cr1 Co3 O8,0
Er2 Mg3 Ru1,0
Yb1 Tl1 S2,0
Li2 Fe3 Sn1 O8,0
Nd1 Fe1 Si2,0
Ni1 Ge1 Pt2,0
Dy2 Mg1 Tl1,0
Ca1 Yb1 In1 Se4,0
Pr1 Co2 Ge2,0
Sm2 I1 O2,0
Nd1 Mg2 Ni9,0
Tb1 Cu5,0
Y1 Ag1 O3,0
Be2 Hg1 Te1,0
Al1 Ir1,0
Cs1 In1 I3,0
Tl3 Cr1,0
Zr1 Si2,0
Zn2 Ni9 O13,0
Co1 P4 O12,0
Pr5 In11 Ni6,0
Li8 Ti16 Cu1 S32,0
Nd1 Mg2,0
La3 Ge3 Br2,0
Sr2 Li2 Nb3 O10,0
Li2 Si4 Ni5 O14,0
Ho1 Co3,0
Yb1 Pr11 Se16,0
Sm3 Os1 O7,0
Al4 Cu9,0
Li1 Ga1 Au2,0
Zn2 B1 Ir2,0
Tm1 Cu4 Ag1,0
Ba1 Si1,0
Mg2 Cr1 N2,0
Ce1 Tl1 Zn1,0
Ca1 Eu2 O3,0
Tm1 Mg2 Sc1,0
Cu1 N2 O6,0
Sm5 Br11,0
Hf3 P1,0
Ti2 C1,0
Na1 Hg1,0
Ag1 Ge1 O3,0
U1 Fe1 Si1,0
Er1 Al20 Cr2,0
Ba6 In2 N1 F1,0
U4 S3,0
Tl3 Ir1,0
Ce4 Bi3,0
Ni1 I1,0
Pm3 I1,0
Pm2 Ir1 Rh1,0
Tm1 Co1 Si2,0
Sb1 Pd3,0
Yb2 Ce8 O19,0
Li6 Ni5 O10,0
Ho3 Ni19 B10,0
Be1 Pd2,0
Ni2 Ge1,0
Mn5 O7,0
Y1 Co2,0
Li7 Ti5 O12,0
Rb1 Cu1 Pd1 F5,0
Ba1 Tl3,0
Sm1 Sn1 Rh2,0
Eu1 Cu1 Se1 O1,0
Nd1 Sb1 Pd1,0
Yb1 H2 Cl1 O2,0
U4 Re7 Si6,0
Mg1 Ti4 S8,0
Ta1 Ga1 Pt1,0
Sm1 Cu1 O3,0
Co1 Pb1 O3,0
Li2 Cu2 S3,0
Pd16 S7,0
Ho1 Si1,0
Ta1 Pt3,0
Si4 Cu5 O14,0
Cd1 Pd1,0
Tm2 Zn1 Os1,0
Sm1 Cd1 Hg2,0
Ca1 Zn3 Ni2,0
Li1 Pm2 Si1,0
Ti1 Zn3,0
Eu2 Re1 O5,0
Pm1 Dy3,0
Hf1 Ga1 Co2,0
Ba1 Nb4 O6,0
Dy1 Ge1,0
Dy1 Rh1,0
Ti2 B1 Rh6,0
Ba8 Ta7 O24,0
Rb1 F3,0
Tm1 Al1 Cu1,0
Fe1 Rh1 O3,0
Nb1 Ga1 Co2,0
Ca1 Hg2,0
Pm1 Cd3,0
Ti2 Co1 S4,0
Mg3 Ge1,0
K3 Li1 Nb6 O15,0
Ba2 Fe1 Re1 O6,0
U1 Al8 Fe4,0
Li1 Cu3 F7,0
Bi2 Pt1,0
Li1 V2 Ni1 O6,0
Si2 Ru1,0
Fe3 B1,0
Sn1 Sb3 P4 O16,0
Cs1 Mn1 Sb1,0
V1 Zn1 Ru2,0
Cu6 Pb1 O8,0
La3 Al1 N1,0
Pr3 I1,0
Li1 Mo3 O8,0
Dy3 Cu4 Ge4,0
Sr5 Bi3,0
Al1 Ni2,0
Mg1 V4 O6,0
Dy1 S2,0
Li2 Yb1 Pb1,0
Pr2 In1 Pd2,0
Tb1 Ga1,0
Eu1 Tl1,0
Zr1 Re2,0
Cs1 Nb6 I11,0
Ho1 In1 Au2,0
Li2 Mn1 Co3 O8,0
Li3 Dy1,0
K4 C2 O3,0
Nd1 Sn1 Rh1,0
Ho1 Cd3,0
Ti1 Os3,0
Nb3 Fe20 B6,0
Yb1 P1 O4,0
Y3 Al3 Ni1 Ge2,0
Nb2 Co3 O9,0
Hf1 Tl3,0
Hf1 Ni5,0
Sr1 La3 Mn1 O8,0
Ca1 Ga3 Ni2,0
Nd1 Te1,0
Eu2 Cu1 O4,0
Nb3 V1 P6 O24,0
Yb1 La5 S8,0
Ti1 Pd1,0
Sc1 Zn3,0
Ho1 Sb2 O6,0
Cs1 Ca1 O3,0
Li13 Nb14 Zn1 O42,0
Lu1 Pt3,0
Pr1 Ir2,0
V3 Pt1,0
Sr1 B2,0
Tl8 Os8 O27,0
Bi12 Rh12 O41,0
Sm3 Sb14 Te24,0
Pr1 Tm1 Tl2,0
Li3 V4 Fe1 O12,0
Na11 Bi5 O16,0
Ca2 Pb1 Au2,0
Hf3 Si4 Cu4,0
Cu2 Hg1 Ge1 Se4,0
Na2 In1,0
K1 Hg2,0
Sm3 Al1 N1,0
Lu1 Mn1 Si1,0
Ca1 Mn2 As2,0
Al1 As1,0
Al1 Fe4 Cu3 O12,0
Sm1 Ni2 B2 C1,0
La2 Nb2 N2 O5,0
Sm1 Si3 Pt5,0
Pr2 Au1,0
U1 Al1 Ni4,0
Ba2 Sc1 Ir1 O6,0
Mg1 Tl1,0
Na6 Co1 Se4,0
Yb6 U3 O17,0
Mn2 Hg5,0
Mg2 Cu1 W1 O6,0
Tm1 Fe2 Si2,0
Sc1 Sn1 Pd1,0
Ta1 Al1 Pt1,0
Ba2 U1 Cu1 O6,0
Co2 B4 Mo1,0
Li2 Mg1 In1,0
Y1 Cd1 Pd2,0
U1 Mn2 Si2,0
Ge2 Os1,0
Dy1 Co1 Si2,0
Na6 Fe1 S4,0
Nb1 Si2,0
Te2 Pd3,0
Ba1 Fe2 S4,0
Sc1 Sb1 Rh2,0
Ti2 Sb1 P3 O12,0
Rb5 W8 O30,0
Tm1 Pd1,0
Hf2 Re1 Rh1,0
Tb1 Be13,0
Li1 Co1 C2 O6,0
Zr2 Co12 P7,0
Li2 Fe5 O10,0
Ta2 Os1 W1,0
Eu1 Ni2 As2,0
Lu1 Hf1 Ru2,0
Sn3 Pd1,0
Ca6 Ag16 N1,0
Hf1 V1 Si1,0
Tm1 Cu2 Ge2,0
Na3 Tl1,0
Te2 Mo2 W1 Se4,0
Ru3 Cl1,0
Nb5 O1 F14,0
Li1 Bi2 P3 O12,0
Re1 F6,0
Ca1 Hf1 Zn1,0
Sr1 Mg1 In3,0
K2 B10 H9 O1,0
Si1 Sb3,0
Sc8 Te3,0
Fe12 As5,0
Ba2 Fe1 Mo1 O6,0
Li1 Mn1 Cu1 O4,0
La3 Ni1 Br3,0
In1 Fe2 Cu1 Se4,0
Li3 Cr1 Co3 O8,0
Ag3 Pd1,0
Al3 Tc1,0
Li3 Co1 Ni4 O8,0
Nd1 In3,0
Cr1 Co1 Pt2,0
Sm2 Ru1 Au1,0
Sr1 Sb12 Ru4,0
La2 P1 C1,0
Tm2 Ru2 O7,0
Yb1 Fe4 Ge2,0
Sc6 Ni1 Te2,0
Zn1 Sn3,0
Li2 Nb2 P3 O12,0
Y1 B2 Rh2 C1,0
Ba3 Na1 Ir2 O9,0
Ce2 Sb1,0
Ba1 Ti4 O8,0
Al1 Pd5 I2,0
Sm1 Mn2 Ge2,0
Pr1 Cd1,0
Ce3 Mn1 Al1 S7,0
Zr5 Sn4,0
Li7 Ti7 O16,0
Ga1 Fe3,0
Na15 Sn4,0
Er1 Ag1 Sn1,0
Dy5 Pb3,0
Ba3 Li4 Sn8,0
Li6 Fe1 O6,0
Ni1 P4 O12,0
Sm2 P3 Pt6,0
Ca1 Zn2,0
Nd4 Ge3 Rh4,0
Er1 Zn12,0
Pt1 N1,0
Ag3 As1 O4,0
Ca3 In1,0
La1 Cu6,0
Pr1 Fe2 Si2,0
Li3 Ti3 P4 O16,0
Hf2 Ge1,0
Ti2 Re1 Ru1,0
Ca3 Bi1 As1,0
Yb3 V1,0
Cu8 O1,0
Sc3 Ga1 C1,0
Pr1 Ge3,0
Hf2 Co4 P3,0
Tb3 Si1,0
V1 Ni5 P6 O24,0
Tb1 Ge2 Pd2,0
Eu1 Fe2 Si2,0
Tb1 Tl1,0
Gd1 Cd2,0
Ca3 Al2 Ge3,0
Al5 Rh2,0
Mg1 Fe2 S4,0
Sm1 Lu1 Tl2,0
Ag7 S2 I2,0
Ti1 I1,0
Mo5 O14,0
Li1 Cd2 Rh1,0
Lu5 Si3 B1,0
Cs2 Na1 Mn1 F6,0
K1 Fe2 As2,0
Eu1 Al2 Au2,0
Hf1 Zn1 Ni2,0
In1 Si1 Ir1,0
Ta4 Fe1 Te4,0
Cs1 Mg149,0
La3 Os2 O10,0
Mg2 Mn1 N2,0
Ho1 Si2 Os2,0
Li2 Fe2 P3 O12,0
Sr1 Ce2 S4,0
Ba1 Au2,0
Er1 Ni4 Au1,0
Pr1 Mn2 Si2,0
Zr1 Fe4 Si2,0
P2 O5,0
Hg3 C1,0
Nd1 Cr2 Si2,0
Ca2 Ge1 N2,0
Na1 Sn2,0
Ti1 Cr3 P6 O24,0
Nd2 Ru2 O7,0
W2 N1,0
Yb1 Tb1 Hg2,0
B1 Mo1,0
Cs1 Ag1 Cl3,0
W2 C1,0
Cs2 Na1 Co1 F6,0
Dy1 Al8 Cu4,0
Dy1 In1 Pt2,0
La1 Si2 Os2,0
Tm1 Sn1 Rh1,0
Tm1 B2 C1,0
Li2 Mn1 Cu3 O8,0
Ho3 Pd2,0
La10 Si8 O3,0
Ce2 Co5 B2,0
Ca2 Mn9 O13,0
K1 Yb1 Se2,0
Ba1 Ti14 O28,0
Nb40 N21 O16,0
Yb1 Ag1 O2,0
Tm1 Ge2 Ru2,0
Ca3 Cu2 Cl2 O4,0
Ge1 Rh1,0
Tb1 Ga2 Co3,0
Li1 Cu1 P1 O4,0
Ni3 Pt1,0
Cu3 Pd1,0
Dy2 Ni12 P7,0
Tm1 Ge1,0
Ag1 Au3,0
Cd1 As1 Pd5,0
Gd1 Sb1 Pd1,0
Sr1 Tl2,0
Zr6 Al2 Co1 H10,0
Nd1 Ag1 As2,0
Er2 Fe14 B1,0
Ti2 Cu1 S4,0
Na8 Hg3,0
Te2 Mo1 W3 S6,0
Tm5 Ge10 Rh4,0
Mn2 Co1 As1,0
Er1 Ni1 Sn1,0
Hf1 Si1,0
Ce3 Al12 Ru4,0
Yb2 Zn1 Pb1,0
Mg3 Bi2,0
Y1 Cd1 Hg2,0
U1 Si3,0
Nd1 Ge2 Pt2,0
Mn3 Ni1 N1,0
Nb1 Pt2,0
Tb1 Al3 C3,0
La1 Pt5,0
Al1 Co1 O3,0
Na1 Ir1 Pb1,0
Zn1 Cu3 P3 O13,0
Tb5 Tl3,0
Pr1 Co2 As2,0
Cs1 Ir1,0
Mg3 Ni20 B6,0
Ce2 Cr1 N3,0
Lu1 Ge2,0
Sr1 In4 Ir1,0
Th1 U8 O18,0
Rh7 Pb3 O15,0
Rb1 Ag1 F3,0
Ta1 Pd3,0
Al1 V1 Co2,0
Sc1 Ga6 Fe6,0
Sm4 In21 Pd10,0
Ca1 Mn1 Sn1,0
Ce1 Rh1,0
Ge1 As3,0
Ho1 Ti1 Si1,0
Ag1 Pd1 O2,0
Eu1 P2 Os2,0
Li2 Nd1 Sb2,0
Cu2 H3 Cl1 O3,0
Th1 Ge2 Pd2,0
Nb3 B2,0
Y1 Al2 Si2,0
V2 Zn1 O4,0
Y1 Al10 Fe2,0
Ca1 Mg1 Sn1,0
Ta1 Rh3,0
Lu2 Mo2 C3,0
Dy2 Ti3 Si4,0
Ho1 C2,0
Ce1 Al2 Pd5,0
Be1 Si1 Ru2,0
Nd1 In1 Cu1,0
Ca1 Ga1 Ge1,0
Nd1 Sn2,0
Mn1 Al1 Au2,0
K3 Hg1,0
Tb1 Sb2,0
Re3 As7,0
Sc1 Cd1 Ag2,0
Te1 Pd1,0
Mg1 In1 Pd2,0
Zr1 Ru3 C1,0
Y1 Al1 Pd1,0
Mg10 B16 Ir19,0
Hf7 P4,0
Sb1 Rh3,0
Ba4 Nb14 O23,0
Pd1 Pb2,0
Mn1 Be2 Co1,0
Li5 Bi4 O12,0
Nd1 Al4 Ge2 Au1,0
Lu1 Ga1 Rh2,0
Li1 Er2 Ga1,0
Sm1 Co2,0
Ir1 Pb1,0
Ho2 Co17,0
Sc2 Tl1 Tc1,0
Tb1 H2,0
Er5 Bi3,0
Sc1 Cr1 O4,0
Dy3 Mn1 B7,0
Li3 Ni3 P4 O16,0
Re2 Pb1 O6,0
Gd6 Ta4 Al43,0
Tb3 Fe1 B7,0
Ce3 Al1,0
Ca1 Cd1 Pd2,0
V1 B2,0
Ce1 Ir5,0
Eu1 As2 Pd2,0
Sc2 Ga1 Ag1,0
Zn3 Cu10 Te6 O36,0
Nd2 Ge5 Rh3,0
Pm1 Mg1 Cd2,0
U1 Pt3,0
Zr6 Sb2 Pt1,0
Y1 Cr2 Si2,0
Y3 Si3 Pd2,0
Ce1 Cu2 Sb2,0
Sm2 Cu4 Sn5,0
Ti3 Sn1 C2,0
Cu1 Pt1 O2,0
B4 W1,0
Zr1 Au4,0
Li2 Eu1 Sn1,0
Mn1 Te1 Pd1,0
Li1 Lu2 Pd1,0
Ca1 B2 Ir2,0
Y3 Tm1,0
Er1 Si2 Pd2,0
Ce1 Si2 Ni2,0
La1 Si1,0
Dy6 Fe1 Te2,0
In3 Au10,0
Ho2 Ge5 Rh3,0
Tm1 Si1 Cu1,0
Sr2 Ga1 Co2 O7,0
Y1 Bi1,0
Ce1 Al2 Zn2,0
Ce1 Mg1 Zn2,0
Li4 Cr3 Ni1 O8,0
Be1 Si1 Os2,0
Bi1 O1,0
Gd1 O2,0
Ce2 Sb3 Pd9,0
Er1 B2 Ru3,0
Y1 Ti1 O3,0
Tm1 Cd1 Ag2,0
Ce4 Fe1 Se6 O1,0
Th1 Hg2,0
Tb1 Ga3,0
V3 Cu1,0
Na1 Cu1 O1,0
Sn1 Rh1,0
Er3 Sn1 C1,0
Nb1 Cr1 W1,0
Tm1 Si2 Os2,0
Nb1 Ru2 Cl1,0
Ca1 In4 Ir1,0
Hf1 Pt1,0
B1 Te2 As1,0
Mn1 Fe1 As1,0
Tb1 Mn6 Ge6,0
Sr1 La1 Mn2 O6,0
Ce6 B2 C3 Br3,0
Be2 W1,0
Y1 In2 Ni1,0
Rb1 Ge3,0
Tm2 Ir1 Pd1,0
Rb1 W1 O3,0
Pm1 Sb1 Rh2,0
Lu1 Ni1 B1 C1,0
Ru1 Cl3,0
Ti2 Ru1 Os1,0
Li4 Fe9 O18,0
Sr1 Pb3,0
Li2 U1 Mo2 O10,0
Li1 Si1 Rh2,0
Gd1 Si2 Ru2,0
Zr1 Sb1 Ru1,0
Dy1 Zn1 Ga1,0
Sm1 Co3 B2,0
Tb2 C3,0
Ca1 Pr1 Zn2,0
Pr6 Fe13 Si1,0
Hg3 Sb1,0
Te1 Mo1 Se1,0
Ho1 B2 C2,0
La1 P2 Ru2,0
Nb17 Ir3 S40,0
Ca1 Os1 O3,0
Tl1 Ni1,0
Ga1 Si1 Ru2,0
Lu1 Ir2,0
U1 Au2,0
Ti2 B1,0
V2 Ru1 Os1,0
Nd3 Zr1,0
Hf2 Si1,0
Li14 Ti21 O48,0
Li4 W1 O5,0
Th1 Al10 Fe2,0
Tb1 In1 Ir1,0
Dy1 Si1 Ir1,0
Re1 Cl4,0
Ce3 Si1 Pt5,0
Ni1 Ag1 O2,0
Ca1 Ti4 S8,0
Pr1 Er1 Mg2,0
Sr1 Co2 P2,0
K11 Mn4 O16,0
Mg1 Cu1 Sb1,0
Li3 Fe1 S3,0
Ba3 Er1 Ru2 O9,0
Cu4 W1 S4 Cl4,0
Lu2 Mg1 Hg1,0
Sr2 Co1 Re1 O6,0
Hf1 Os2,0
Cr1 Mo2 S4,0
Li1 Co7 O7 F1,0
Sm1 Mg1 Hg2,0
Er1 Cu1 Pb1,0
Y2 Ge2 O7,0
Sc2 P3 O12,0
Ba1 Dy2 Cu1 O5,0
Li2 Sn5,0
Li5 Mn2 Cu5 O12,0
Ga1 As2 W1,0
Fe4 Si2 Sn7 O16,0
Lu3 Ga1,0
Zr2 Te1,0
Ti1 Fe2 As1,0
V2 O3 F3,0
V2 N1 O1,0
Ba2 Y1 Re1 O6,0
Ce5 Si3 N9,0
Fe2 Cu1 P3 O12,0
Be1 Tc1 Se1,0
V2 Si2 O7,0
Ca2 Ni1 Ir1 O6,0
Ti2 Al1 V1,0
Ce1 Al1 Si2,0
Re2 Ru1 Br1,0
Ca1 Ge2,0
Ta6 Be15 Cu8,0
Tb5 Ti5 O17,0
Tm2 Tc1 Cu1,0
Mg1 Sn1 Rh2,0
Zr2 Co21 B6,0
Sm1 Ni1 C2,0
V8 O1,0
W1 Cl3,0
Sm2 Mo2 O7,0
Dy1 Ag1,0
Ti9 O10,0
Li2 Mg1 Sn1,0
Li1 Ho1 O3,0
Li1 Ca2 In1,0
Mn2 Co1 Ge1,0
Tb1 Co2 Ge2,0
Th1 Si1,0
Co1 Cu2 Sn1,0
Rb2 Tb3 Al1 F16,0
Ce1 Mg1 Ag2,0
Na1 Cd1 Sb1,0
Li3 Cu2 O4,0
Tm1 Mn6 Ge6,0
Yb1 B2 Rh3,0
Rb2 Na1 Ni1 F6,0
Nd1 Cu3 Ru4 O12,0
Dy2 Al1 Co2,0
Cr4 As3,0
As1 Au3,0
Lu3 In1 N1,0
Ba1 Al2,0
Er1 Cu1,0
Fe3 N1,0
Sr3 Li4 La5 O12,0
Eu1 Sn1 Au2,0
V1 Sb1,0
Li1 Mg1 Sn1 Pd1,0
Fe2 S1,0
Ho3 P1,0
Pm1 Mg1 Au2,0
Sb1 Pt3,0
Na1 Ta3,0
Cd2 Ag1 Rh1,0
Pr2 Cd1 Sn1,0
Li3 Mn2 Co2 O8,0
Ce1 Hg1,0
La1 Cd2,0
Sm1 Tm1 Zn2,0
Th1 Al3,0
Sn1 P3 O9,0
Hf1 V2 H4,0
Cr4 Cu3 Te8,0
Li6 Fe3 Co7 O20,0
Zr1 Ti1 F6,0
Ba7 Ru4 Br2 O15,0
Hf1 Co3 B2,0
Rb1 Eu1 O2,0
Ce1 As1 Pd1,0
Sc1 Sb1 Ru2,0
Sr2 Y1 Re1 O6,0
Eu1 Cu1 Se1 F1,0
Al21 Pt8,0
Ba2 Yb1 Cu4 O8,0
K1 Eu1 S2,0
Ba5 In4 Bi5,0
Cu7 Hg6,0
Cs1 Sn3,0
Ta2 N1,0
Li1 Hg2 Pd1,0
Pm1 Hg1 Au2,0
Mn5 O3 F5,0
Zr4 Al1 Ni2,0
Ta1 W3,0
Sm1 Hg3,0
Sr8 Al7,0
Hf5 Pb1,0
Ce1 B2 C2,0
Sr1 Tl1 Hg2,0
Ti3 Pt5,0
Cd13 I28,0
Mn2 Al1 O4,0
Ca1 Al8 Co2,0
U1 V1 C2,0
Sc1 V2 Ga4,0
Ho2 Pd2 Pb1,0
Au1 Br1 O2,0
Pr2 Hg1 Pb1,0
Zr1 Ge2,0
Sr7 Bi23 O40,0
Yb1 Al2 Si2,0
Tm2 Zn1 Ag1,0
Sr1 Ga2 Au2,0
Th1 Rh2,0
Sr3 Al2 Sn2,0
Cd1 Au1 O2,0
Li3 Mn1 Ni2 O6,0
V1 Ir1,0
Cr3 N2,0
Tb1 Hg2,0
Mg1 Mn1 O3,0
Y4 As1 Se3,0
Li2 Ti1 Mn3 O8,0
Li1 Ti11 O20,0
Li2 Cr1 Cu1 O4,0
U1 Ga1 Ni1,0
Sm4 Al23 Ni6,0
Tm1 Sc1 Hg2,0
Li2 Ni5 P4 O16,0
Tb3 La1,0
Sr3 Sb2,0
K1 Mo6 S7,0
Th3 B2 C3,0
Ta1 Be2,0
Ti2 Be17,0
Tm2 Al1 Os1,0
Hf1 B4 Ir3,0
Dy3 In1 C1,0
Ba1 Ti4 O7,0
La2 Ge5 Ir3,0
V6 Ag1 O15,0
Li3 Fe2 Sb1 O6,0
Pr2 Co12 P7,0
Hf4 Co4 Si7,0
Cr2 Cu1 Te4,0
Pr1 Co4 B1,0
Sm1 Si2 Ag2,0
Li1 Yb1 F4,0
U1 Cu2 P2,0
Sc1 B1 Ir3,0
Ho3 Ga1 C1,0
Mn2 Tl2 O7,0
Yb1 Tl1 Se2,0
Rb28 Mg9 In51,0
Sr2 Mg1 Ir1 O6,0
Sc1 P1 Pt1,0
Mg23 Al30,0
Al1 Cu3,0
Y2 Cu1 O4,0
Sc3 Mn2 Ga6,0
Ho1 Ni2 B2,0
Mg1 Sn4 O8,0
Y1 Mg1 Cu4,0
Bi2 B3 O9,0
Sr1 Mn1 Ge1,0
Sm1 Er1 Mg2,0
Li3 Mn3 Ni1 O8,0
In2 Co1,0
Li1 Be1 Pt2,0
Pr1 Ag1 As2,0
La2 Fe2 I1,0
Lu3 B1 C3,0
Cu9 Se4 Cl6 O14,0
Ti1 Se1,0
Nd5 Ge3,0
Pt3 Pb1 C1,0
Ba2 Sm1 Cu3 O7,0
Li3 Cr3 Cu2 O12,0
Nb3 Os1,0
Re1 P1 O5,0
Sc1 Ga2,0
Lu1 Sc1 Zn2,0
Nd4 Mg3 Co2,0
Ce1 H1 Se1,0
U2 Co21 B6,0
U2 Mn1 N3,0
Nd1 Rh1,0
Li6 Fe9 Co1 O20,0
Hf1 Ti1 F6,0
Y1 W1 O3,0
Sc11 Al2 Ge8,0
Cs1 Ga7,0
Ti1 Au1 Cl1,0
Li13 Ti22 O48,0
Th1 Fe2 Ge2,0
Sr8 Co8 O23,0
Sr3 Co2 S2 O5,0
Y1 As1,0
Tm2 Zn1 Hg1,0
Dy2 C1,0
Hf1 B1,0
Dy1 Zr1 Ru2,0
Pt3 Pb1,0
Mg2 Ga1,0
Zn1 Ag1 F5,0
Li1 Co1 S2,0
Ca11 Bi10,0
Ce9 Sm1 O20,0
Y2 Re1 B6,0
Ca4 Al3 O10,0
Li3 V4 Ni1 O12,0
Zr7 P4,0
La1 Pd3 S4,0
Li1 Ti3 O6,0
Y1 Sn3,0
Mn1 Ni1,0
Th2 Fe7,0
Mn3 O2 F6,0
Tl3 Pb1,0
Er1 B1 Pd3,0
Nd2 Fe14 B1,0
Dy1 Mn2,0
Mn7 O7 F1,0
Y4 Cu1 Te8,0
As1 Se1 Br1,0
Sr1 In4 Pt1,0
Mg2 Cu1,0
Nd1 P2 Ru2,0
Y2 Mo2 O7,0
Li9 Fe3 W7 O28,0
Li1 Hf1 Pd2,0
Na1 Eu1 O2,0
Y1 Tm1 Cu2,0
Be1 Al1 B1,0
Hg1 Rh1 O3,0
Co1 W2 O8,0
In3 Pd5,0
Ca3 Sb1 N1,0
Eu1 Co8 P5,0
Na1 Cd2 Au1,0
Rb1 Sb1 O3,0
Ca1 Si2 Pd2,0
Cs1 Mo3 O9,0
Hf3 Zn3 N1,0
Er1 Ni4 B1,0
Pr1 Mg1 Ag2,0
Ce1 Si1 Ir1,0
Ce3 In3 Ru2,0
Cs1 U1 Cu1 S3,0
Hf5 Sb9,0
Ce1 Nb1 O4,0
Tm1 Ni2 Ge2,0
Li1 Al2 Rh1,0
Li1 Ca1 O3,0
Ni4 Bi9 O18,0
Mg2 Ti1 Ir1 O6,0
Al2 Cr1 S4,0
Ba2 Ca1 Re1 O6,0
Tb1 Zn2,0
Pr1 Mg1 Ga1,0
Tb1 Zr1 Sb1,0
Tm1 Tl1,0
Rb1 U1 Ag1 S3,0
Sr1 In8 Rh2,0
Li8 Ti1 Ni7 O16,0
Dy1 Sn1 Ru2,0
Ca1 Pd3 C1,0
Ti2 Re1 Rh1,0
Eu1 Cd11,0
Li3 Fe1 Co4 O8,0
Li1 Ca2 Ge3,0
Pr7 Mn8 O24,0
Zr5 Sn3,0
Li8 Bi1 S6,0
Tb3 Re1 O7,0
Zr4 Co4 Ge7,0
Zr1 Cr1 Si2,0
Mn1 Sn1 Ru2,0
Si1 Au3,0
Ba2 Dy1 Cu3 O7,0
Sc1 Ir1,0
Sr1 Ru2 O6,0
Th1 Mn4 Cu3 O12,0
Ho1 Si2 Ru2,0
Li5 Co2 Ni3 O10,0
Pr1 Ge5,0
Na3 Mn2 Ge3 O12,0
Cu2 Sb1,0
Sm1 Si2 Ni2,0
Tl1 W3 O9,0
Nb1 Hg3 F6,0
Cs2 Cr1 Cl4,0
Yb1 Pm1 Pt2,0
Na2 Cl1,0
Li2 Dy1 In1,0
Hf2 Os1 Pd1,0
Mn2 Cu1 P3 O12,0
Eu1 Ag1 Sb1,0
Li1 In1 Sn1,0
Mg2 Si1 Pt1,0
Tm1 Sn1 Ru2,0
Ba1 Sn4 O8,0
Co1 N1,0
Hf5 Sb3,0
Er4 Ni1 B13,0
Nd1 Bi1,0
U3 Nb1,0
Sm1 Co2 Si2,0
U1 Co4 Sn1,0
Zn1 Ga1 Rh2,0
Li17 Nb20 O60,0
Mg2 Tc1 O4,0
Pr1 Sm1 O2,0
Sc2 Mn1 C1,0
Ba1 Pd2 O4,0
Mg3 Ga7 Co2,0
Ba5 Sb3,0
Cr1 Ni3,0
Lu7 Te2 Pd2,0
Zn1 Cu2 O4,0
La1 H2,0
Te2 W2 Se1 S1,0
Ce3 Al1 C1,0
Nd2 B1 C1,0
Li6 Mn5 Co1 O12,0
Mn1 Ga1 Pt1,0
Ba14 Na8 Ca1 N6,0
Er1 Al1 Ge1,0
Na11 Ti20 O40,0
Mg1 Ag1 As1,0
Tb6 Pb1 Se10,0
Ce1 Lu3,0
Ta2 Nb3 O12,0
Gd1 Pb1 Au1,0
K1 Hg1,0
Sc5 N1 Cl8,0
Tb1 B1 Rh3,0
Lu5 Si10 Ir4,0
Eu1 Cd2 Sb2,0
Nd1 Mg1 Ni4,0
V3 Cu1 O8,0
In1 Mo3 Se3,0
Ca1 In1 Pt1,0
Cr2 H1 O4,0
Li5 La3 Nb14 O42,0
Ho1 Cu2 O4,0
Fe1 Co1 As1,0
Hf1 As2,0
Li1 Hf2 Ir1,0
Yb16 S29,0
Nb3 V1 S6,0
Ca1 Al2 Zn2,0
Nd1 Er1 Zn2,0
Gd2 Zn17,0
Ho1 In1 Pt1,0
Ti1 Co1 Ge1,0
Ce1 Co1 Ge1 H1,0
Y1 Mg1 Al1,0
Li1 Tm1 Sn1,0
Ti2 Re1 Pd1,0
Na8 Nb1 O6,0
Si2 Ni1 P3,0
Li1 Ni2 P3 O12,0
Sc3 Pb1 C1,0
Ce1 Cd2 Ag1,0
Hf2 Tl1,0
Na10 Ga6 Sn3,0
Y1 Co1 O3,0
Ta3 B4,0
Li1 Tm2 Rh1,0
Ce1 Ga1 O3,0
Pm1 Mg1 Rh2,0
Y1 Cd1 Pt2,0
La1 In5 Ir1,0
Sr2 Co2 O5,0
K1 Ta3 Cu1 O9,0
Sr1 Rh1 F6,0
Al2 Cr2 O7,0
Eu1 Ge3 Pt1,0
Nd1 O2,0
Cr1 Ir1 O6,0
Y1 Re4 Si2,0
Pr3 Cd1,0
Nd1 Pt1,0
Tm1 Lu1 Pd2,0
Ti2 Ni1 Se4,0
La1 Re1 B1,0
Cr3 P1,0
Pd3 Pb2 S2,0
Mn3 Pt1 N1,0
Cs3 V2 Cl9,0
Ce3 Pd5,0
Tm1 Th1 Ru2,0
Nd1 Al8 Co2,0
Li7 Ti16 O32,0
Yb1 Si1 Cu1,0
Tb2 Sb1 O2,0
Li2 Co4 O7 F1,0
Li1 Ho1 Au2,0
Be1 Ga1 O3,0
Ni1 C1 O4,0
Dy4 Sb3,0
Na1 Fe2 O3,0
Lu2 Ag1 Au1,0
Co2 O3,0
Hf1 As1 Rh1,0
Zr5 Al3,0
Li4 Mn5 Nb1 O12,0
Si4 Cu15,0
Sm2 Tl1 Hg1,0
Pr1 Bi2 O6,0
Nd1 Tl1 Ag2,0
Zr6 Al2 Ni1,0
Lu2 Fe2 Si2 C1,0
Ca2 Tl1 Cd1,0
V1 Co1,0
Cs1 V1 P2 S7,0
Li2 In1 Ag1,0
Rb2 S1 Cl6 F1,0
Li1 Ni4 O8,0
Ce1 P2 Pt4,0
Yb1 Cd1 Hg2,0
Mn1 Ge1 Rh2,0
Hg1 Os1 Pb2,0
Ce1 Si2 Pd2,0
Sc2 Cu1 Ru1,0
Sr5 Cd2 Sb5 F1,0
Li4 Fe7 O2 F14,0
Sm1 B2 Os2,0
Cr2 P3 O11,0
Ho4 C7,0
Ce2 Cu1 N2 O2,0
La20 Cu9 O40,0
K1 U1 Cu1 Se3,0
Ba1 In2 Ir1,0
Li2 Pm1 Al1,0
Gd3 Al7 Ag2,0
Li3 Cr1 Ni4 O8,0
In1 Au3,0
Yb3 Sn13 Rh4,0
Co1 Ge1,0
Er1 Re2 O8,0
Gd2 Zn6 Ge3,0
Er1 Lu3,0
Sr1 Sn1 P1,0
Cs1 Rb1 P1,0
Tb3 Ni13 B2,0
Ta2 Mo1 Os1,0
Rb2 Na2 Ir1 O4,0
Sr1 In2 Rh1,0
Ce1 Al1 O3,0
Sn1 Pt3 C1,0
Nd1 Ni1 C2,0
Y1 Ni2 P2,0
Li2 Pm1 Ge1,0
Zr2 Ni12 P7,0
Er1 Cr2 Si2,0
La4 Co3 O10,0
Sr3 Sc1 Ni1 O6,0
Ni3 Sn1 N1,0
Sc1 Zn1 Pt2,0
Li3 Mn4 O8,0
Eu1 Cl1 O1,0
Mn2 V1 Si1,0
Eu2 Te1 O2,0
Sb4 Pb4 S11,0
In3 Sb1,0
Li1 Cu5 P3 O13,0
Y3 Fe29,0
V1 Ir3,0
Mg1 Si7 Ir3,0
Ce1 As1 Se1,0
Li4 Mn5 Nb3 O16,0
Cr2 Ni1 S4,0
Ca5 Sb3,0
Ga1 Tc2 W1,0
Cr2 Cu1 S4,0
Nd3 In1,0
Li1 Mn1 P2 O8,0
Ce1 Si2 Ni1,0
V1 Pt2,0
La1 Cd1 Ag2,0
Eu1 Sc1 O3,0
Gd1 Ni1 O3,0
Cu18 S11,0
Li4 Mg1 Ni3 O8,0
Sm1 As2 Au1,0
Y1 Fe2 Si2,0
Ba3 Y1 Ir2 O9,0
Yb1 Cu1 Ge1,0
Yb1 Dy1 Pd2,0
Dy1 B2 Rh2 C1,0
Zr3 Si6 Cu4,0
Mn1 Sb3 P6 O24,0
Ca2 Zn1 Rh1,0
Gd3 Co11 B4,0
Sm1 Al1 Cu1,0
Er1 Sn1 Au1,0
Li5 Fe6 B6 O18,0
Li4 Fe2 Cu3 O10,0
B1 Rh2,0
Sc1 B1 Pd3,0
Cr1 Fe1 P1,0
Sc1 Ag1,0
Hf5 Sn3,0
Mg1 Cr1,0
Sm1 Cu2 O4,0
Sr5 Sn3,0
Rb3 Cu8 S6,0
Ca3 Pb1 N1,0
Al1 Cu7 O12,0
Co3 Se4,0
Ce1 Mg1 Ni4,0
Na1 C1,0
Li1 Er1 Au2,0
Sc3 C4,0
Ti1 Fe2,0
Ce2 Zn1 Ni2,0
Li6 Fe1 Ni9 O20,0
Mn1 Ni1 P1,0
Nb1 Si1 Ir1,0
Nd1 Ga2 Ni1,0
Tb1 Mn5 Ge3,0
Cs1 Gd1 O3,0
Ce3 B2 Cl3 O6,0
Th1 Fe2 Si2,0
K1 Li1 W3 O9,0
Zr1 In1 Cu2,0
Gd1 Zn1,0
Zn3 Cd1,0
Dy3 Ga1,0
Mg1 Co2 S4,0
Ce1 Si1 Os1,0
Li3 Co3 Sb1 O8,0
Na9 W16 O48,0
Co7 Mo6,0
Tc1 B1,0
Mg3 Ni20 P6,0
Li2 Ga1 Pd1,0
H2 Se1,0
Li4 V5 Cu3 O16,0
Ce1 Mn2 Ge2,0
Eu1 Zn2 Si2,0
Sc7 C1 I12,0
Nd1 Ti1 Ge1,0
V3 H4 O8,0
Sm1 Ni2 Sn2,0
Mg1 Mn1 Rh2,0
Ca2 Co9 O13,0
Ca1 Ag1 F5,0
Mn3 Pd1 N1,0
Si2 Pd9,0
Pr27 Se40,0
Tb10 B7 C10,0
Tb1 Rh2,0
Th1 Fe2 Si1 C1,0
Ba3 Ca1 Ir2 O9,0
Dy2 Mg1 In1,0
Li2 Ni3 Te1 O8,0
Li1 Ag1 F3,0
V1 Te2,0
Er1 Al9 Fe4 Si6,0
Ti5 Zn4 Te3 O18,0
Nd1 Zn2 Ag1,0
Ho1 Zn1 Rh2,0
Ba1 Pt5,0
Li8 P1 O3,0
U1 Ga3 Ni1,0
Zr1 Cd1,0
Pm2 Cu1 Ge1,0
Li1 Mn9 Se10,0
Pr4 Sb3,0
Pr9 Sb5 O5,0
Al9 Co2,0
Ta2 Tl1 O6,0
Li1 Ta1 Rh2,0
Ca11 Ga7,0
Zn2 W1 N2,0
Er1 Tl1 Pd1,0
Rb1 Br3,0
Lu1 Al1 Ag2,0
Cs1 Ni2 F6,0
Li1 Pm2 Ir1,0
Cr1 Co2 Bi1,0
Dy1 Ni1 Ge2,0
Ca1 Pb1,0
Pr1 B2 Ru2,0
La10 Mn9 O30,0
Ba1 Zn1 Mo4 O8,0
Ba1 Ge3 Pt1,0
Ca1 Ga1 Au3,0
Er5 Ni1 Pb3,0
Ta1 Ti1 Fe2,0
Li1 Cu2 C2 O6,0
Tb1 Te1,0
Mg32 Al36 Ag13,0
Sr1 Li2 Sn1,0
Ca1 Au5,0
U2 Cl5 O2,0
Gd3 Re1 O7,0
Ho1 Al1 B14,0
Nb2 Cr4 Si5,0
La1 Ni12 B6,0
Mg1 Sb1 Pt1,0
Li3 Ti2 P3 O12,0
Mg2 Zr14 O5,0
Mn1 Ga1 Ni2,0
Al1 Ni2 S4,0
Sm1 In1 Au1,0
Li2 Fe1 W1 O6,0
Li2 Fe3 Co1 O8,0
Ca3 Zr17 O37,0
Hf1 Al1 Pd2,0
Ce3 Ta1 O7,0
Li4 Ni3 Bi1 O8,0
K1 Ag1 O1,0
Li5 Mn6 B6 O18,0
Ni4 P3 O12,0
Y1 Ti4 Cu3 O12,0
Cu9 S5,0
Eu2 Ge1 B2 O8,0
Sr1 N2,0
Cr1 Fe2 Se4,0
Ti1 As1 Rh1,0
Ba1 Ca1 Sn3,0
Ca1 Co2 Ge2,0
Tm1 Mn1 O3,0
Pr1 Ni1 Ge2,0
Yb2 Zn3 Ge3,0
Sm1 Pb1 Au1,0
K2 Ru1 Cl6,0
Lu1 Si2 Os2,0
Yb14 Ti10 O41,0
Ba2 Ca1 Os1 O6,0
Cu2 P1 H1 O5,0
Zr1 Sb1,0
Li1 Cu1 O2,0
Te4 Mo1 W3 S4,0
Eu1 In2 As2,0
Ni1 As1 O3,0
La1 Mg3,0
Ce1 Pr1 O2,0
Lu1 U2 S3 O2,0
Ti9 O8,0
Li1 Si1 Pd2,0
Lu1 Si2 Ni1,0
Zr3 Al2,0
V1 P4,0
Sm2 Tl1 Zn1,0
Dy1 Ag1 Ge1,0
Mg1 Zn2,0
Gd1 Se2,0
Li4 Nb1 Ni3 O8,0
Bi1 Pd1,0
Mn1 Ge1 Pd1,0
Th1 Bi2,0
Ba1 Yb2 O4,0
K1 Bi2,0
Ti10 O11,0
U1 Cr4 C4,0
Rb6 O1,0
K1 Ti5 Se8,0
Rb1 In4,0
Rb15 Hg16,0
Cr1 Fe2 Sb1,0
Fe9 Co7,0
Te1 W1 Cl9,0
Lu1 Au1,0
Ce1 Al2 Pt3,0
Ce2 S2 O1,0
Yb2 Sm1 S4,0
Mn1 S1,0
U1 Ga5 Ir1,0
Dy1 Cd2,0
Zr1 Ga1 Pt1,0
Co1 O1 F1,0
Ti2 Mn1 Fe1,0
K1 Sc1 O3,0
Er6 Mn1 Bi2,0
Yb1 Sn1 Rh1,0
Ca2 Mn1 Al1 O5,0
U1 Ga2,0
Li7 Ca8 Nb12 O40,0
Li4 Mn5 Ni3 O16,0
Rb2 Cr1 F6,0
Ba1 Tl1 Mo2 O6,0
Ta2 Ti1 N3,0
U1 B4 H16,0
Fe1 O1 F1,0
Al2 Cu1,0
Ba1 Mn4 O7,0
Y4 C7,0
Ni1 N1,0
Li4 Mn1 W3 O12,0
Rb5 W18 O54,0
Er2 Mn1 C4,0
Mn2 Ge1 S4,0
Nd1 Ga1 O3,0
Zr2 Al1,0
Ca2 Sn2 F3,0
Ca1 Ni4 O6,0
Ca3 Au1,0
Eu1 Cl3 O12,0
Nd2 W1 C2,0
Na3 U1 F7,0
Tb2 In16 Pt7,0
Hf1 V2 Ga4,0
Tb1 Se2,0
Y1 Ti2 Ga4,0
Re1 Te2 Cl12,0
Ho1 Ge1 Au1,0
Mn3 Sb1 O8,0
La8 Mn7 O24,0
V1 Ni2,0
Ta2 Pt1 Se7,0
La1 Bi1 Au2,0
Ba1 Th3,0
Pr1 P1,0
Tm5 Ti5 O17,0
Nd2 Ni7 P4,0
Li1 Y2 Ru1,0
U2 Al1 Co2,0
Nd1 In5 Rh1,0
Li3 Co4 Te1 O8,0
Li3 Mn2 P3 O12,0
Th1 As1 Se1,0
V3 Cr1 O10,0
Yb1 Sm1 Rh2,0
Rb1 V1 P2 S7,0
Yb2 Mg1 Se4,0
Nd1 Al7 Au3,0
Ta4 Al1 C3,0
Li3 Cu4 O4,0
Nb1 Cl4 O2,0
Tb1 Y1 Hg2,0
Zr1 Al1 Pt1,0
Sr10 Al4 Si6 O1,0
Li4 Mn5 Cu3 O16,0
Eu1 Bi3,0
Mn2 Al1 B2,0
Li4 Co5 Sb1 O12,0
Ba1 Li4,0
Ca1 Ge2 Rh2,0
Ti5 B12 O26,0
Tm1 Co2 Si2,0
Mn1 Sb2 O6,0
Tl1 Cu6 S4,0
Cu4 As2 O9,0
Cu1 Cl1 O2,0
U6 Co1,0
Yb4 Sb3,0
Ti5 Zn1 O7,0
Lu1 Sc1 Ru2,0
Tl1 Te1,0
Na1 Tl1,0
Li12 Fe5 O16,0
Ti1 Hg1 O3,0
Tl1 Fe1 I3,0
Li3 Mn4 P6 O24,0
Tb1 Cl1,0
Nd2 Zn1 Ga1,0
Sr6 Nb7 O21,0
V4 Zn1 O8,0
Al6 Tc1,0
Cs2 S1 Cl6 F1,0
Ce3 Nb1 S3 O4,0
Nb1 H1 O3,0
Yb1 Tb1 Rh2,0
Eu1 Se1 Cl1 O3,0
Eu1 Ni1 Ge3,0
Eu2 P1 Br1,0
Ca1 Cd1 Si1,0
In1 Hg1 W2,0
Li4 Ni2 P3 O12,0
Sm1 Ho1 Hg2,0
Pr1 Al3 Ni2,0
Bi4 I1,0
H1 Pb1 I3,0
Ti4 Ni1 Bi2,0
Zr2 Se1,0
Sn1 B1,0
In1 Ag3,0
Tm2 Mg1 Ru1,0
K1 Lu1,0
Nb6 Co7,0
Li2 Mg1 Hg1,0
Li1 Fe2 P3 O12,0
Cu2 O1 F2,0
Tl2 Mo7 O22,0
Li6 Fe1 O5 F1,0
Y1 Si2,0
Sm1 Mg3,0
Hf1 Tc1,0
Na2 V6 O13,0
Nd1 Ni2 Sn2,0
Dy2 Cd1 Pd2,0
Ce1 Os2,0
Sc1 Rh3 C1,0
Re5 Ni2 As12,0
P2 H4 Rh1 O9,0
Li1 Lu2 Ga1,0
Zr1 Ti2 O1,0
Mn1 B2 W2,0
Ce1 Cd1 Au2,0
Zr1 Al1 W1,0
Ca1 Ir1 O3,0
Ce1 Si2 Au2,0
Pr4 Mg1 Ru1,0
Mn1 Nb1 O4,0
Na1 Cd1 O3,0
Th1 Al8 Fe4,0
Lu2 Tl1 Ag1,0
Pr1 Sb1 Pt1,0
Mn3 Cr3 Co2 O16,0
Li1 Sc1 Hg2,0
Cu3 P4 O14,0
Ni2 Mo4 C1,0
Sm1 Ni1 As1,0
Pm2 Ni1 Rh1,0
Sr2 Y1 Bi2 O7,0
La16 Mn15 O48,0
Cr1 Co1 Ge1,0
Na1 Ce1 S2,0
Y1 Si1 Ni1,0
Zr1 Pd2,0
Ge1 W6 O18,0
Nd1 B1 Rh3,0
Ta4 N5,0
Li4 Co3 Cu1 O8,0
Mg5 Tl2,0
La1 Ga3 Pd2,0
Co7 Re17 O48,0
Sm3 Sc1,0
Al7 C3 N3,0
Nd1 Sc1 Ge1,0
Mg3 Ru2,0
Gd1 Zn1 In1,0
Mg2 V9 O13,0
Ti1 Br2,0
Cu1 Mo1 O4,0
Li4 Ti5 Cr3 O16,0
Ca1 In2 Ir1,0
Hf1 C1,0
Yb1 Si2 Rh2,0
Ba1 Ag2,0
Pr5 Si4,0
Zr5 Si1 Sb3,0
Cs1 Ti1 F4,0
Sc1 Co1 Ge2,0
Mg3 Tl1,0
Er1 Hg2,0
Li1 Mn1 Co1 O4,0
Er3 Al3 Ni1 Ge2,0
Hf1 Cu2 P2,0
Li1 Mn4 O8,0
Hg3 As1,0
Yb1 Ag2,0
Zr1 B2,0
Pr1 Zn1,0
Yb1 Nd1 Ag2,0
Yb1 Zn1 Pt1,0
Tm2 Ga10 Os3,0
Ce1 Mn2 Si2,0
Li1 Ga1 Pd2,0
Yb1 In4 Rh1,0
Ba1 Yb1 Sn3,0
Re2 W3 C1,0
Li8 Ir1 O6,0
Ti1 Re1 N3,0
Sr1 Zr2 Nb1,0
Tl9 Sb1 Se6,0
Ti20 Sb9 Se3,0
Mn5 As4,0
Eu1 Ti1 Cl1 O3,0
Dy7 In1 Co4 Ge12,0
Te2 Mo3 Se4,0
Ce1 Si1 I1,0
Sm1 Si1 Cu1,0
K8 N3 O1,0
La3 Re2 O10,0
Sb2 I2 F11,0
Li6 Tb2 O7,0
Ba1 Sn3,0
Y3 Fe62 B14,0
Eu2 C1 N2 O2,0
K1 Bi1 O3,0
Tb11 S16,0
Ho1 Th3,0
Tm4 In1 Ni2 Ge4,0
Sr1 In2,0
Ca3 Tl1 N1,0
Rb1 Bi2,0
Mg5 As1,0
Zn1 Co2 O4,0
Rb2 Mo9 Se10,0
Mg1 Ni1 Sb1,0
Lu2 In1 Hg1,0
Ca5 Sn4 S13,0
K1 C60,0
Ti1 Mn2 Al1,0
Sr1 U1 S2,0
Lu1 Ir1,0
Eu1 Al1 O3,0
Sr2 Ho1 Ru1 O6,0
Tl1 Mo3 Se3,0
Si1 W3,0
La1 Sn3 Ru1,0
Mg1 Ti4 O6,0
Li1 In2 Rh1,0
Ti1 C1,0
Er2 Sn1 Au2,0
Eu1 Rh1 O3,0
Li3 Co2 Ge3 O12,0
Nd1 Cr1 Ge3,0
Fe6 W6 C1,0
Sr1 Cd1 Si1,0
Mg1 Pb3,0
Cu1 P1 O4 F1,0
U1 Cu1 P2,0
Li2 Nd1 As2,0
Lu2 Cd1 In1,0
Hf1 In1 Cu2,0
Eu3 B1 W1 O9,0
Li2 Sn1 Ir1,0
Dy1 Co2 Ge2,0
Pr1 B4,0
As1 Pd3 Pb2,0
Zr3 Ag1,0
Zr1 Te1,0
Rb1 B5 H8 O12,0
Be22 Re1,0
Li4 Mn3 Cr3 O12,0
V3 Si1 Ni2,0
U2 Sn1 Rh2,0
Hf2 Ni1,0
Mo5 As4,0
V3 Re1,0
Yb2 Ge2 Ir1,0
Ba1 Tb1 Mn2 O6,0
Cu2 Hg2 S1 F6,0
U1 Ni1 Sn1,0
U2 Te1 N2,0
K1 Co2 Se2,0
K1 Co1 O2,0
Na2 U1 I6,0
Tb1 Co2,0
Te4 Mo1 W2 S2,0
Mn2 P1,0
Yb1 Mn2 O5,0
Yb1 Ir2,0
Ce1 H3 O3,0
Pr1 Er1 In2,0
Y1 Al8 Cu4,0
Al2 Fe1 Ni1,0
Tl3 Si1,0
Na8 Cu5 O10,0
Yb8 Ge3 Sb5,0
K3 Sn1,0
Li2 V3 Cr1 O8,0
Li3 Mn1 As2,0
Fe3 Si1,0
Lu4 C7,0
Mn1 Sb1 Rh2,0
Zr1 In1 Pd2,0
Ba2 Bi1 Sb1 O6,0
Sc1 Ti1 O3,0
Er1 B2 Ir3,0
Cu4 H10 S1 O12,0
La1 Cd1 Au1,0
Cu1 F1,0
Ce1 Mg1 Pt1,0
Pm1 Ga1 Au2,0
Tm1 Al4 Ni1,0
Li4 Co2 Ni3 O10,0
Zr3 Ni1 O1,0
Tm1 U2 S3 O2,0
Li15 Fe4 O16,0
Li15 Mn2 O12,0
Mo2 N1 Cl8,0
Pd2 N1,0
Pr1 B1 Pt4,0
Li2 Tl1 Ag1,0
Ce4 Si3 Rh4,0
Y1 Si2 Rh2,0
Ca2 Cu1 W1 O6,0
Mn2 Nb1,0
Ga8 Cu3 Mo2,0
Ni7 P8 O28,0
Mg1 Rh2 Pb1,0
Mg1 Cu1 Bi1,0
Ho1 Si2 Pd2,0
Sr1 Si1 Pd1,0
Ba2 Co1 W1 O6,0
Lu3 Tl1 C1,0
La1 Ge1 I1,0
Li3 Cr1 O4,0
Li1 Zr1 Rh2,0
Ho1 Si1 Ru2 C1,0
Li4 Ti1 Cr3 O8,0
Ba2 Cu1 W1 O6,0
La1 Re2 Ag1,0
Mn1 Fe1 Co1 Ge1,0
Al1 Ni20 B14,0
Ta1 As1,0
Ca2 Os2 O7,0
Tm1 Mn1 Ge1,0
Li1 Mn2 P2 O8,0
Mn3 Nb1 O8,0
Ba5 Bi3,0
Ti3 Be1,0
Dy1 B1 Pd3,0
Tm2 Cd1 Hg1,0
Sn1 As3,0
Th1 S1,0
Mg1 Pt5,0
Sr1 In2 Ir1,0
V2 Ga1 Sn2,0
Li5 Cr2 Ni5 O12,0
Ba4 Sm2 Cu2 O9,0
K3 V1,0
Nd1 Tl1 Pd1,0
Ba14 Pd3 Ir8 O33,0
Li1 Ga1 Pt2,0
Ca2 Ti9 O13,0
Eu1 Sn3,0
Tl1 Co1 Mo2,0
Tb1 Ni5,0
Bi2 Pd3 S2,0
Yb2 Sn1,0
Eu1 F3,0
Rb3 Tm1,0
Eu1 Ti1 O3,0
Er1 Fe1 C2,0
Mn1 As1,0
Li4 Cr1 O5,0
Ho2 B4 C1,0
Cs2 Na1 Mg1 F6,0
Ho10 Si17,0
Th1 Cr1 B4,0
Tb1 In2 Ni1,0
Li3 Fe1 Ni3 O8,0
V1 P1 O4,0
Tm1 H2,0
U2 Cu2 As3 O1,0
Ba1 Ag1,0
Y2 U3 O11,0
Nd3 Al1 C1,0
Al1 B2,0
Sm2 Tl1,0
Ce5 Ge3,0
Pr2 In1 Ge2,0
Li1 Pr2 Ru1,0
Nb1 Cr1 N1,0
V3 Ag1,0
Sc1 Be5,0
Tb1 Ge2 Rh2,0
Ho1 Mn12,0
Sc3 Fe2 Si3,0
Mn1 In1 Cu2,0
Ce1 Pd5,0
La2 P1 I2,0
Lu1 Ag2,0
Ag1 Pt3,0
Ag2 Bi1 O3,0
Sc1 Zn1 Ni2,0
Ta1 In1 Ni1,0
Ni1 Ge1,0
Yb1 Ga2 Pd1,0
Eu3 Sn1,0
Ho1 Zn1 Rh1,0
La2 Ge5 Rh3,0
Yb1 Mg1 Pd1,0
La1 Ga1,0
Sc1 Cd1 Hg2,0
Ta5 N6,0
Li2 Lu3 Ge3,0
U3 Cu2 Se7,0
Tm1 Mg1 Cd2,0
Li1 Yb1 Pb1,0
K1 Yb2 F7,0
Li2 V2 F7,0
Li3 Mn1 Cu2 O6,0
Mg1 Rh1 F6,0
Yb1 Al4 Mo2,0
K2 Nb1 O6,0
Cu11 Sb4 S13,0
Dy2 Ge3 Pt9,0
Li2 V3 Fe1 O8,0
Ho1 Tl1 Pd1,0
Ce1 Al3 Ni2,0
Mn1 Si1 Ni2,0
Li1 Ge1 Rh2,0
Li2 Mn1 Ni3 O8,0
K3 Fe2 S4,0
Mn2 O1 F3,0
Gd1 Sb1,0
Gd3 S4,0
In3 Bi7 Pb4 S18,0
Li1 In1 Ag2,0
Lu2 Fe1 S4,0
Li2 Pr1 In1,0
K1 Ag2,0
Cu1 Ir2 S4,0
Ba1 As2 Rh2,0
Ca1 Eu1 O2,0
Nd1 As2 Pd2,0
Bi2 P3 O12,0
Sr1 Ce2 Se4,0
Tl1 Zn2 Tc1,0
Sc14 Cu14 O37,0
Co2 Ge1,0
Li3 Fe1 Sb4 O12,0
Zr1 Ir2,0
Sc1 Co1 O3,0
Tm2 Mg1 Tl1,0
Nb5 Ga4,0
Tb2 Sb5,0
Lu2 Al1 Tc1,0
Ce1 Zn1 P1 O1,0
